0.000000000000000000e+00,0.000000000000000000e+00,0.000000000000000000e+00,1.000000000000000000e+00,0.000000000000000000e+00,0.000000000000000000e+00,0.000000000000000000e+00,1.000000000000000000e+00,0.000000000000000000e+00,0.000000000000000000e+00,1.000000000000000000e+00,3.000000000000000000e+00,2.000000000000000000e+00
1.941128174516762450e-02,-2.943591274161888247e-02,-1.923702359493249846e-03,9.993006352058716457e-01,1.002856940530033082e-02,3.010424629101002975e-02,1.978389042223240371e-02,9.422740476814747135e-01,-2.886297615926265880e+00,-1.905371928680797688e-01,1.006856578055885354e+00,3.021841025398898317e+00,1.957841795118758554e+00
3.773287139898076625e-02,-1.133564300509618678e-01,-7.554330182201165339e-03,9.972057266671290332e-01,2.009822261869614185e-02,6.038354195298466232e-02,3.912323326617855868e-02,8.908481082220387481e-01,-5.457594588898064814e+00,-3.709844777801313276e-01,1.014366628594293607e+00,3.042346886916798887e+00,1.916564049561051863e+00
5.508061229530628045e-02,-2.459693852346863108e-01,-1.670633247248015651e-02,9.937214826715533578e-01,3.018568438148638844e-02,9.078780789819920760e-02,5.800010614870543951e-02,8.447433387265397275e-01,-7.762833063673015843e+00,-5.429076090711363323e-01,1.022543795819868206e+00,3.061558157333773345e+00,1.876183486085876595e+00
7.155278605324273677e-02,-4.223606973378634111e-01,-2.922224507673180233e-02,9.888559846429252342e-01,4.026875365898040932e-02,1.212671435257758473e-01,7.639730182996068431e-02,8.031735647754811858e-01,-9.841321761225939824e+00,-7.075636601516561708e-01,1.031401416913890090e+00,3.079513762217267914e+00,1.836714196637136087e+00
8.723348976199510330e-02,-6.383255119002454459e-01,-4.496727930785526794e-02,9.826191465673820291e-01,5.032629745499692109e-02,1.517719038199697723e-01,9.429827243038733930e-02,7.655000933053374146e-01,-1.172499533473312994e+01,-8.659733599997271325e-01,1.040952549865979515e+00,3.096250887632810755e+00,1.798167826009262615e+00
1.021952383546867182e-01,-8.902380822656649206e-01,-6.382515088735885023e-02,9.750226759774091034e-01,6.033823945739488770e-02,1.822527732104921028e-01,1.116870759194712875e-01,7.311986731462432054e-01,-1.344006634268784239e+01,-1.018973980439168869e+00,1.051209998909083509e+00,3.111804900467574964e+00,1.760553749396640111e+00
1.165009961563820973e-01,-1.174950192180895803e+00,-8.569482260648710048e-02,9.660800364844754906e-01,7.028554390984009803e-02,2.126608363692395198e-01,1.285483251331757115e-01,6.998349566853214743e-01,-1.500825216573393206e+01,-1.167258612627792846e+00,1.062186337327573504e+00,3.126209280124701007e+00,1.723879243224641700e+00
1.302057815636228633e-01,-1.489710921818858003e+00,-1.104879302198504137e-01,9.558064118312904478e-01,8.015019508829493433e-02,2.429476461124392417e-01,1.448671395438334564e-01,6.710460156863247150e-01,-1.644769921568376603e+01,-1.311405750568790163e+00,1.073893927426735617e+00,3.139495560399379048e+00,1.688149648796501090e+00
1.433579481609318640e-01,-1.832102591953407966e+00,-1.381267261734648866e-01,9.442186714178875118e-01,8.991517274359743517e-02,2.730652885705906474e-01,1.606290999763702598e-01,6.445262374596091304e-01,-1.777368812701954681e+01,-1.451901861558000384e+00,1.086344937466962035e+00,3.151693280408158770e+00,1.653368528411085947e+00
1.560002175400907742e-01,-2.199989122995462676e+00,-1.685424206638958255e-01,9.313353372418933240e-01,9.956442385432265341e-02,3.029664457810403166e-01,1.758202064380123830e-01,6.200164363512236099e-01,-1.899917818243882195e+01,-1.589158808891222074e+00,1.099551355377721862e+00,3.162829943508970398e+00,1.619537813712717433e+00
1.681705194224337452e-01,-2.591474028878314684e+00,-2.016738310121563571e-01,9.171765521820770539e-01,1.090828310171954307e-01,3.326044558498755244e-01,1.904268392049510150e-01,5.972953566837670980e-01,-2.013523216581165087e+01,-1.723527445927672819e+00,1.113524999075092614e+00,3.172930983219374390e+00,1.586657946126385221e+00
1.799026806803769585e-01,-3.004865965981154741e+00,-2.374662727582844968e-01,9.017640495452681204e-01,1.184561777858966769e-01,3.619333708213222645e-01,2.044357232886318543e-01,5.761729760211005136e-01,-2.119135119894497876e+01,-1.855308327974624083e+00,1.128277523212482425e+00,3.182019735213299949e+00,1.554728009311008519e+00
1.912269947418143989e-01,-3.438650262909283217e+00,-2.758706420742621512e-01,8.851211237896586814e-01,1.276711112533816250e-01,3.909080123842163523e-01,2.178338963862337663e-01,5.564851789248470570e-01,-2.217574105375765470e+01,-1.984760230214231980e+00,1.143820422197409092e+00,3.190117414550935226e+00,1.523745853630808167e+00
2.021706954640753173e-01,-3.891465226796237964e+00,-3.168426509367032184e-01,8.672726023320638244e-01,1.367151021579738335e-01,4.194840255365630544e-01,2.306086804043047112e-01,5.380894847867823128e-01,-2.309552576066089102e+01,-2.112106978308688099e+00,1.160165029308070528e+00,3.197243097371614606e+00,1.493708212701423621e+00
2.127583540890160274e-01,-4.362082295549202016e+00,-3.603421852675507964e-01,8.482448183426087862e-01,1.455764027796443982e-01,4.476179303208686067e-01,2.427476566312398443e-01,5.208615941454490805e-01,-2.395692029272755619e+01,-2.237542968917030528e+00,1.177322511742201705e+00,3.203413706354891755e+00,1.464610812114140348e+00
2.230122137934132942e-01,-4.849389310329338620e+00,-4.063327628120353974e-01,8.280655844272692967e-01,1.542440028801354002e-01,4.752671717349357117e-01,2.542386446231155728e-01,5.046925762120628711e-01,-2.476537118939686266e+01,-2.361237663990225055e+00,1.195303861427638115e+00,3.208643999329950702e+00,1.436448470479506634e+00
2.329524732509913598e-01,-5.352376337450436061e+00,-4.547810724838050600e-01,8.067641670964553757e-01,1.627075839290164083e-01,5.023901679152628086e-01,2.650696848581318155e-01,4.894865628951755587e-01,-2.552567185524122806e+01,-2.483339274564896115e+00,1.214119881419376545e+00,3.212946560487777603e+00,1.409215192961662311e+00
2.425975282579224956e-01,-5.870123587103879714e+00,-5.056565806936967888e-01,7.843712619161523625e-01,1.709574718474294319e-01,5.289463566831391628e-01,2.752290252073608667e-01,4.751588460155999893e-01,-2.624205769922000542e+01,-2.603977799501418833e+00,1.233781167702031167e+00,3.216331793723883781e+00,1.382904257497804767e+00
2.519641786527886396e-01,-6.401791067360573351e+00,-5.589311930948052121e-01,7.609189692367951396e-01,1.789845884922191821e-01,5.548962405370360118e-01,2.847051112634551018e-01,4.616342978032267896e-01,-2.691828510983866707e+01,-2.723267547148849665e+00,1.254298086209736152e+00,3.218807917711702160e+00,1.357508293914241326e+00
2.610678063480822431e-01,-6.946609682595894064e+00,-6.145789624411761576e-01,7.364407703938405936e-01,1.867804020953852395e-01,5.802014301689820686e-01,2.934865805642294934e-01,4.488460523688047044e-01,-2.755769738155976967e+01,-2.841309239739806536e+00,1.275680744868050276e+00,3.220380962378098122e+00,1.333019356162232327e+00
2.699225291838169283e-01,-7.503873540809159692e+00,-6.725758350299865240e-01,7.109715042727240419e-01,1.943368768673415792e-01,6.048246865772880509e-01,3.015622607444095049e-01,4.367343992003379083e-01,-2.816328003998311047e+01,-2.958191778935116201e+00,1.297938960454634749e+00,3.221054766522808865e+00,1.309428987904077246e+00
2.785413344415084147e-01,-8.072933277924583706e+00,-7.328994295946578141e-01,6.845473441293601358e-01,2.016464219673286540e-01,6.287299618432469206e-01,3.089211716461295332e-01,4.252458499532393854e-01,-2.873770750233803639e+01,-3.073993734577165959e+00,1.321082220067732127e+00,3.220830976393151968e+00,1.286728281683326536e+00
2.869361951643443764e-01,-8.653190241782786174e+00,-7.955288436259780882e-01,6.572057745554106267e-01,2.087018400404851703e-01,6.518824386352533029e-01,3.155525314167834106e-01,4.143323476836339725e-01,-2.928338261581830793e+01,-3.188784606094985818e+00,1.345119636984176248e+00,3.219709045094263811e+00,1.264907931913268557e+00
2.951181718761072270e-01,-9.244091406194643312e+00,-8.604444829850987908e-01,6.289855684750358389e-01,2.154962755185378942e-01,6.742485685001283757e-01,3.214457666213771381e-01,4.039505937954045445e-01,-2.980247031022977922e+01,-3.302625896204185452e+00,1.370059900682209175e+00,3.217686232783593336e+00,1.243958281915531927e+00
3.030975018466432469e-01,-9.845124907667843317e+00,-9.276279113853805880e-01,5.999267640566383619e-01,2.220231628797861845e-01,6.957961089982531711e-01,3.265905263954147486e-01,3.940614727594506927e-01,-3.029692636202747025e+01,-3.415572028879349187e+00,1.395911220799217478e+00,3.214757607666683725e+00,1.223869365236305740e+00
3.108836776920203548e-01,-1.045581611539898859e+01,-9.970617168968844979e-01,5.700706414190676030e-01,2.282761750640185106e-01,7.164941597363427839e-01,3.309767006633688169e-01,3.846295584332437567e-01,-3.076852207833781705e+01,-3.527671137540859814e+00,1.422681264791109790e+00,3.210916047879616819e+00,1.204630941461817040e+00
3.184855168050906293e-01,-1.107572415974547475e+01,-1.068729393096491176e+00,5.394596990067679343e-01,2.342491722391687459e-01,7.363131973492645921e-01,3.345944424467413580e-01,3.756226887951781834e-01,-3.121886556024109538e+01,-3.638965744616009967e+00,1.450377089058961122e+00,3.206152244412167729e+00,1.186232526747774019e+00
3.259112228731525507e-01,-1.170443885634237979e+01,-1.142615232870288322e+00,5.081376295023227740e-01,2.399361511188632945e-01,7.552251094801378795e-01,3.374341942844040765e-01,3.670115982881569927e-01,-3.164942008559215481e+01,-3.749493349822700772e+00,1.479005063310318224e+00,3.200454705294911051e+00,1.168663419269916126e+00
3.331684405430660467e-01,-1.234157797284670544e+01,-1.218704233190166963e+00,4.761492951376851690e-01,2.453311950334838565e-01,7.732032278059450814e-01,3.394867187861041469e-01,3.587695988741317898e-01,-3.206152005629341062e+01,-3.859286941468720311e+00,1.508570787927807855e+00,3.193809761343448184e+00,1.151912719795001872e+00
3.402643041321223860e-01,-1.298678479339388758e+01,-1.296982009446927986e+00,4.435407022570203583e-01,2.504284249619238012e-01,7.902223601539498654e-01,3.407431333375101068e-01,3.508723024379913347e-01,-3.245638487810043671e+01,-3.968375442597160685e+00,1.539079004127097194e+00,3.186201573823755684e+00,1.135969347563880794e+00
3.472054811486153247e-01,-1.363972594256924253e+01,-1.377434718138170533e+00,4.103589749744636084e-01,2.552219517367914081e-01,8.062588217522235201e-01,3.411949489717203132e-01,3.432973784235787140e-01,-3.283513107882106397e+01,-4.076784101813527350e+00,1.570533496700540876e+00,3.177612144474481148e+00,1.120822051671084063e+00
3.539982112741859588e-01,-1.430008943629071005e+01,-1.460048986889149081e+00,3.766523277591786734e-01,2.597058296423427337e-01,8.212904656554214089e-01,3.408341134175181253e-01,3.360243415972097303e-01,-3.319878292013951437e+01,-4.184534837005673857e+00,1.602936989162796033e+00,3.168021328394857505e+00,1.106459418118957316e+00
3.606483413664748894e-01,-1.496758293167626341e+01,-1.544811850935280839e+00,3.424700367678772395e-01,2.638740116318324391e-01,8.352967123844778907e-01,3.396530583285821692e-01,3.290343656618617274e-01,-3.354828171690691363e+01,-4.291646538838602254e+00,1.636291031141143826e+00,3.157406850380754637e+00,1.092869872719059998e+00
3.671613569620960638e-01,-1.564193215189520458e+01,-1.631710695321344051e+00,3.078624097314298091e-01,2.677203063991590026e-01,8.482585788159711093e-01,3.376447506900742690e-01,3.223101191249330144e-01,-3.388449404375334950e+01,-4.398135339813577183e+00,1.670595877887105063e+00,3.145744325366027550e+00,1.080041680009665495e+00
3.735424106937893507e-01,-1.632287946531053890e+01,-1.720733202178895027e+00,2.728807541874034848e-01,2.712383375485452053e-01,8.601587063533866484e-01,3.348027483892554446e-01,3.158356203829883468e-01,-3.420821898085058166e+01,-4.504014853778769201e+00,1.705850361828122663e+00,3.133007283701534806e+00,1.067962938356002534e+00
3.797963479796619968e-01,-1.701018260101690771e+01,-1.811867302533455293e+00,2.375773438343659061e-01,2.744215051154075824e-01,8.709813884082233670e-01,3.311212599247282395e-01,3.095961094509980804e-01,-3.452019452745009431e+01,-4.609296390030244162e+00,1.742051756129600504e+00,3.119167202079526913e+00,1.056621571399656512e+00
3.859277302949549182e-01,-1.770361348525226219e+01,-1.905101132169379818e+00,2.020053827666967727e-01,2.772629497013837097e-01,8.807125972136715664e-01,3.265952082142677404e-01,3.035779341493294869e-01,-3.482110329253352177e+01,-4.713989145518667989e+00,1.779195630299429620e+00,3.104193540985999533e+00,1.046005316025565568e+00
3.919408562963498377e-01,-1.840295718518251888e+01,-2.000422991145252460e+00,1.662189673305935478e-01,2.797555194965302139e-01,8.893400099872661446e-01,3.212202984436737241e-01,2.977684488835875554e-01,-3.511157755582061668e+01,-4.818100378155504515e+00,1.817275697940354817e+00,3.088053789637295043e+00,1.036101707019558171e+00
3.978397810343080598e-01,-1.910801094828460833e+01,-2.097821306608024461e+00,1.302730453231288332e-01,2.818917404717804498e-01,8.968530344513064856e-01,3.149930898783325772e-01,2.921559244218819851e-01,-3.539220377890589475e+01,-4.921635563774310995e+00,1.856283656841139384e+00,3.070713519428778682e+00,1.026898058596619201e+00
4.036283334593541161e-01,-1.981858332703230374e+01,-2.197284598601422445e+00,9.422337223685368912e-02,2.836637900346250518e-01,9.032428337107449856e-01,3.079110715349024918e-01,2.867294673005179595e-01,-3.566352663497409736e+01,-5.024598538933108038e+00,1.896209021696494412e+00,3.052136446991618346e+00,1.018381442990281549e+00
4.093101324027985655e-01,-2.053449337986008061e+01,-2.298801448604657960e+00,5.812646423283662073e-02,2.850634744503935392e-01,9.085023504775021630e-01,2.999727415824087196e-01,2.814789476799849366e-01,-3.592605261600074584e+01,-5.126991631430813712e+00,1.937038949859075432e+00,3.032284508017160096e+00,1.010538666306908917e+00
4.148886011904916460e-01,-2.125556994047542503e+01,-2.402360470572198814e+00,2.203954750553995673e-02,2.860822103401614580e-01,9.126263306175761425e-01,2.911776903097545444e-01,2.763949346345475067e-01,-3.618025326827261523e+01,-5.228815780144603131e+00,1.978758060655369633e+00,3.011117943065424907e+00,1.003356241865356324e+00
4.203669810292720577e-01,-2.198165094853640511e+01,-2.507950284275163533e+00,-1.397949631601096837e-02,2.867110105738553405e-01,9.156113459827104339e-01,2.815266864599267338e-01,2.714686379956922635e-01,-3.642656810021537694e+01,-5.330070645567975163e+00,2.021348248941694958e+00,2.988595396622901745e+00,9.968203612627039023e-01
4.257483432893762743e-01,-2.271258283553119384e+01,-2.615559490770512419e+00,-4.987218910421434975e-02,2.869404748831845819e-01,9.174558164715987951e-01,2.710217666897429822e-01,2.666918559862142546e-01,-3.666540720068927328e+01,-5.430754712234826975e+00,2.064788493737331532e+00,2.964674030712857178e+00,9.909168634305645096e-01
4.310356007918307863e-01,-2.344821996040846557e+01,-2.725176649846188681e+00,-8.557951989576541296e-02,2.867607855231785186e-01,9.181600312464963665e-01,2.596663278676336617e-01,2.620569279811701402e-01,-3.689715360094147911e+01,-5.530865384047706890e+00,2.109054662949257697e+00,2.939309654386270676e+00,9.856312019739165153e-01
4.362315181974460443e-01,-2.418842409012770034e+01,-2.836790259309262208e+00,-1.210420136851472483e-01,2.861617083128718542e-01,9.177261690095503965e-01,2.474652218705039597e-01,2.575566918170247854e-01,-3.712216540914874940e+01,-5.630399073384334763e+00,2.154119315397016621e+00,2.912456870430446099e+00,9.809484111154889163e-01
4.413387215832069721e-01,-2.493306392083965406e+01,-2.950388736000327583e+00,-1.561998057634365611e-01,2.851325993845545970e-01,9.161583172190814750e-01,2.344248524840924774e-01,2.531844451433424292e-01,-3.734077774283286999e+01,-5.729351284731908578e+00,2.199951501556443478e+00,2.884069240622233465e+00,9.768530706033399236e-01
4.463597072823856093e-01,-2.568201463588072286e+01,-3.065960398431292422e+00,-1.909927220242231272e-01,2.836624179664239409e-01,9.134624900993830732e-01,2.205532739494185934e-01,2.489339103741995685e-01,-3.755330448129001297e+01,-5.827716693490732958e+00,2.246516564666410254e+00,2.854099470820291362e+00,9.733292699772213563e-01
4.512968500563996899e-01,-2.643515749718001828e+01,-3.183493450955570570e+00,-2.253603656607578998e-01,2.817397455148568652e-01,9.096466452683884540e-01,2.058602906309952574e-01,2.447992028506899564e-01,-3.776003985746549318e+01,-5.925489220494915443e+00,2.293775944081920759e+00,2.822499617132371075e+00,9.703605726303204948e-01
4.561524106591492989e-01,-2.719237946704253872e+01,-3.302975969389804423e+00,-2.592422106749767141e-01,2.793528114992351874e-01,9.047206987758401597e-01,1.903575572107061853e-01,2.407748018727523809e-01,-3.796125990636237191e+01,-6.022662102716266119e+00,2.341686983007672751e+00,2.789221314305496247e+00,9.679299801465799380e-01
4.609285428481428859e-01,-2.795357285759285659e+01,-3.424395888014846179e+00,-2.925777026087252874e-01,2.764895261236550161e-01,8.986965383105500749e-01,1.740586787349871767e-01,2.368555242991713106e-01,-3.815722378504142398e+01,-6.119227960546427703e+00,2.390202743005731545e+00,2.754216027365369968e+00,9.660198974394483828e-01
4.656272998910631067e-01,-2.871863500544684555e+01,-3.547740987890984243e+00,-3.253063668892085536e-01,2.731375202452774875e-01,8.915880342991927554e-01,1.569793097627694978e-01,2.330365004498917147e-01,-3.834817497750540127e+01,-6.215178861990339421e+00,2.439271827935542536e+00,2.717435327372574427e+00,9.646120992648733461e-01
4.702506406114191351e-01,-2.948746796942904425e+01,-3.672998886428523235e+00,-3.573679251532335122e-01,2.692841927178721284e-01,8.834110485811792479e-01,1.391372517782930862e-01,2.293131520755215813e-01,-3.853434239622390578e+01,-6.310506384050131423e+00,2.488838220249536271e+00,2.678831191963527036e+00,9.636876987287010810e-01
4.748004350125051287e-01,-3.025997824937474334e+01,-3.800157028159912631e+00,-3.887024198770283601e-01,2.649167653506295239e-01,8.741834403049679736e-01,1.205525479473589789e-01,2.256811721857169828e-01,-3.871594139071413565e+01,-6.405201671531589369e+00,2.538841132827516667e+00,2.638356331100359498e+00,9.632271184553001797e-01
4.792784695149569507e-01,-3.103607652425215235e+01,-3.929202676663859251e+00,-4.192503475891270481e-01,2.600223456259838084e-01,8.639250686512708333e-01,1.012475742090828829e-01,2.221365065516023030e-01,-3.889317467241986748e+01,-6.499255493464513478e+00,2.589214879781261303e+00,2.595964538163009205e+00,9.632100651288801885e-01
4.836864518397126500e-01,-3.181567740801436628e+01,-4.060122907595310693e+00,-4.489528008818890470e-01,2.545879972654570556e-01,8.526577919487307033e-01,8.124712560921719395e-02,2.186753367179370966e-01,-3.906623316410313151e+01,-6.592658297292971703e+00,2.639888769889728426e+00,2.551611066176649345e+00,9.636155081601325278e-01
4.880260155650819054e-01,-3.259869922174590329e+01,-4.192904602778013690e+00,-4.777516193616525575e-01,2.486008186689908639e-01,8.404054627086452456e-01,6.057849669738024634e-02,2.152940643787952246e-01,-3.923529678106022800e+01,-6.685400260960964403e+00,2.690787026526337833e+00,2.505253028576752694e+00,9.644216632667919065e-01
4.922987243838655158e-01,-3.338506378080672476e+01,-4.327534445318585554e+00,-5.055895495874122014e-01,2.420480291805575390e-01,8.271939180682130743e-01,3.927155473110166550e-02,2.119892969864063392e-01,-3.940053515067967282e+01,-6.777471342992920533e+00,2.741828738103380125e+00,2.456849823472385008e+00,9.656059817856208483e-01
4.965060760840031007e-01,-3.417469619579984652e+01,-4.463998915702807047e+00,-5.324104139425912541e-01,2.349170630509099800e-01,8.130509650977447711e-01,1.735880435677011543e-02,2.087578344768121485e-01,-3.956210827615938541e+01,-6.868861330646185870e+00,2.792927843174362934e+00,2.406363579876891201e+00,9.671451465531154534e-01
5.006495062740262680e-01,-3.496752468629868815e+01,-4.602284288836183457e+00,-5.581592882635268982e-01,2.271956708771953881e-01,7.980063603976293996e-01,-5.124557626074017352e-03,2.055966570083533618e-01,-3.972016714958232342e+01,-6.959559886193952494e+00,2.843993154391897260e+00,2.353759623836744197e+00,9.690150752007531398e-01
5.047303918726259164e-01,-3.576348040636870707e+01,-4.742376631991836788e+00,-5.827826879116223546e-01,2.188720281991249905e-01,7.820917833870180136e-01,-2.814059886231397994e-02,2.025029136199396895e-01,-3.987485431900300625e+01,-7.049556591381444193e+00,2.894928425505129965e+00,2.299006961808632177e+00,9.711909317055983371e-01
5.087500543798808561e-01,-3.656249728100596030e+01,-4.884261803629517118e+00,-6.062287618240582709e-01,2.099348508230373667e-01,7.653408026697364752e-01,-5.164862088257506090e-02,1.994739117257433303e-01,-4.002630441371282188e+01,-7.138840990085387972e+00,2.945632465485132023e+00,2.242078778018642193e+00,9.736471470162834096e-01
5.127097629461146999e-01,-3.736451185269426389e+01,-5.027925453050004378e+00,-6.284474939112876246e-01,2.003735163294054766e-01,7.477888348555150611e-01,-7.560514288868232236e-02,1.965071073715521366e-01,-4.017464463142238174e+01,-7.227402629196530093e+00,2.995999303677752135e+00,2.182952941894731325e+00,9.763574495355733518e-01
5.166107372529316066e-01,-3.816946313735341789e+01,-5.173353020849496886e+00,-6.493909109895853460e-01,1.901781910973486811e-01,7.294730952179062644e-01,-9.996390138082184018e-02,1.936000961856559621e-01,-4.031999519071719362e+01,-7.315231097736912602e+00,3.045918409590713249e+00,2.121612521006068786e+00,9.792949061818445600e-01
5.204541502197065350e-01,-3.897729248901467258e+01,-5.320529740138741914e+00,-6.690132962456103449e-01,1.793399620531172800e-01,7.104325395859437675e-01,-1.246758670965958382e-01,1.907506049639342283e-01,-4.046246975180328320e+01,-7.402316064217632885e+00,3.095274970515908386e+00,2.058046294284355149e+00,9.824319746710361567e-01
5.242411305476625261e-01,-3.978794347261687392e+01,-5.469440638491747109e+00,-6.872714070298204803e-01,1.678509722202982113e-01,6.907077968963017955e-01,-1.496892806771928652e-01,1.879564838348647127e-01,-4.060217580825676009e+01,-7.488647312238559728e+00,3.143950229661561568e+00,1.992249259659326199e+00,9.857405675565358294e-01
5.279727651126361332e-01,-4.060136174436819800e+01,-5.620070540588888441e+00,-7.041246955699018706e-01,1.557045590200065166e-01,6.703410918779464378e-01,-1.749497083905380002e-01,1.852156989555708289e-01,-4.073921505222145356e+01,-7.574214774328813071e+00,3.191821886817307163e+00,1.924223129632211648e+00,9.891921284360682964e-01
5.316501012167027529e-01,-4.141749493916486813e+01,-5.772404071519225965e+00,-7.195355309880471228e-01,1.428953941423093954e-01,6.493761574033263262e-01,-2.004001191231513379e-01,1.825263256948417290e-01,-4.087368371525791133e+01,-7.659008564025523214e+00,3.238764562796632163e+00,1.853976807757766965e+00,9.927577205816395800e-01
5.352741487079980542e-01,-4.223629256460009884e+01,-5.926425660706743592e+00,-7.334694208015263284e-01,1.294196236886517581e-01,6.278581361200488153e-01,-2.259809836996878596e-01,1.798865422633647015e-01,-4.100567288683176059e+01,-7.743019006188263553e+00,3.284650327997598040e+00,1.781526838530112622e+00,9.964081280713481537e-01
5.388458819773134234e-01,-4.305770590113433371e+01,-6.082119546425230894e+00,-7.458952298897463251e-01,1.152750071724758796e-01,6.058334710753734420e-01,-2.516303974006213195e-01,1.772946237552583126e-01,-4.113526881223707932e+01,-7.826236665547453342e+00,3.329349294400832715e+00,1.706897822793464359e+00,1.000113969301660743e+00
5.423662418393618845e-01,-4.388168790803191399e+01,-6.239469780866461868e+00,-7.567853947286159455e-01,1.004610538651381502e-01,5.833497851629186881e-01,-2.772842263239980731e-01,1.747489365684399831e-01,-4.126255317157799851e+01,-7.908652373486774856e+00,3.372730269194805341e+00,1.630122790549644041e+00,1.003845822537780208e+00
5.458361373059930077e-01,-4.470819313470035894e+01,-6.398460235726383338e+00,-7.661161305306822822e-01,8.497915489033693037e-02,5.604557493563823156e-01,-3.028762779773531144e-01,1.722479331744469766e-01,-4.138760334127764651e+01,-7.990257253062091891e+00,3.414661466998935246e+00,1.551243522933102303e+00,1.007574362921213940e+00
5.492564472580744317e-01,-4.553717763709629196e+01,-6.559074608274094942e+00,-7.738676287935823961e-01,6.883270940630940860e-02,5.372009398478643227e-01,-3.283384961926087975e-01,1.697901472110944776e-01,-4.151049263944527468e+01,-8.071042742262372727e+00,3.455011276367121908e+00,1.470310815192464426e+00,1.011270510101868636e+00
5.526280220222516970e-01,-4.636859889888742714e+01,-6.721296427868529655e+00,-7.800242426563227527e-01,5.202724317465125259e-02,5.136356843769427361e-01,-3.536011801331570004e-01,1.673741888738338179e-01,-4.163129055630830777e+01,-8.151000615521553527e+00,3.493649074925061715e+00,1.387384672773937400e+00,1.014905585402247734e+00
5.559516848583384574e-01,-4.720241575708308801e+01,-6.885109062887993403e+00,-7.845746573990592942e-01,3.457051780112255224e-02,4.898108982186702987e-01,-3.785932268127248923e-01,1.649987405838976573e-01,-4.175006297080511786e+01,-8.230123003494059120e+00,3.530446086156485030e+00,1.302534433060923424e+00,1.018451477159885599e+00
5.592282333626694690e-01,-4.803858833186653499e+01,-7.050495728037979859e+00,-7.875120434032638617e-01,1.647262895017561138e-02,4.657779104911012880e-01,-4.032423961757147235e-01,1.626625529133150505e-01,-4.186687235433424803e+01,-8.308402411110630936e+00,3.565276269542803966e+00,1.215838805995394400e+00,1.021880812638151115e+00
5.624584407923705065e-01,-4.887707796038148444e+01,-7.217439492003077106e+00,-7.888341889205963131e-01,-2.253908116449376831e-03,4.415882816421003443e-01,-4.274755974054074148e-01,1.603644407486718160e-01,-4.198177796256641159e+01,-8.385831733935258825e+00,3.598017234517575602e+00,1.127385827693291098e+00,1.025167134652760437e+00
5.656430573151517427e-01,-4.971784713424242597e+01,-7.385923285409230488e+00,-7.885436100846394680e-01,-2.159408724421620074e-02,4.172936131766629697e-01,-4.512191947377928170e-01,1.581032796771014715e-01,-4.209483601614493153e+01,-8.462404272848063513e+00,3.628551167563833335e+00,1.037272722264595215e+00,1.028285080839978383e+00
5.687828111889168259e-01,-5.056085944055417514e+01,-7.555929909063157979e+00,-7.866476357428155985e-01,-4.153035578335943778e-02,3.929453508848682608e-01,-4.743993306738790161e-01,1.558780025794389568e-01,-4.220609987102805860e+01,-8.538113747083135863e+00,3.656765760801524934e+00,9.456056683471275592e-01,1.031210563300885674e+00
5.718784098751907852e-01,-5.140607950624048073e+01,-7.727442042436340586e+00,-7.831584648877115695e-01,-6.204257597788274958e-02,3.685945830215459074e-01,-4.969422641119142225e-01,1.536875964167700448e-01,-4.231562017916150609e+01,-8.612954305654222154e+00,3.682555129625749935e+00,8.524994683416625696e-01,1.033920946202377733e+00
5.749305410901071056e-01,-5.225347294549466426e+01,-7.900442252361714601e+00,-7.780931947273852511e-01,-8.310800445953316073e-02,3.442918350661554050e-01,-5.187747205732525790e-01,1.515310991977795729e-01,-4.242344504011103368e+01,-8.686920537205049087e+00,3.705820706402951803e+00,7.580771199664833038e-01,1.036395218807272034e+00
5.779398737964527299e-01,-5.310300631017738482e+01,-8.074913001911944832e+00,-7.714738177508423389e-01,-1.047012907447089358e-01,3.200868628495555646e-01,-5.398242513819262456e-01,1.494075971153538407e-01,-4.252962014423231807e+01,-8.760007478324595809e+00,3.726472096945533607e+00,6.624692914960368384e-01,1.038614161349639797e+00
5.809070591400485872e-01,-5.395464704299759262e+01,-8.250836659429017672e+00,-7.633271865136133094e-01,-1.267944953894290239e-01,2.960284459677361424e-01,-5.600195983883766715e-01,1.473162218418408442e-01,-4.263418890790796922e+01,-8.832210620371053977e+00,3.744427886492506463e+00,5.658137038678435760e-01,1.040560501172477670e+00
5.838327313335397450e-01,-5.480836343332303784e+01,-8.428195507675784626e+00,-7.536849452831411167e-01,-1.493571281920267890e-01,2.721641835059988579e-01,-5.792910606115797556e-01,1.452561479732253913e-01,-4.273719260133874087e+01,-8.903525914851249112e+00,3.759616382243189392e+00,4.682544246854541403e-01,1.042219056606703775e+00
5.867175084904835414e-01,-5.566412457547584580e+01,-8.606971753081062104e+00,-7.425834281365414347e-01,-1.723562065507131535e-01,2.485402941659241860e-01,-5.975708590191962655e-01,1.432265906132457745e-01,-4.283867046933772116e+01,-8.973949777405108463e+00,3.771976280131057013e+00,3.699410809601038075e-01,1.043576866194814601e+00
5.895619934124493033e-01,-5.652190032937755859e+01,-8.787147535050904068e+00,-7.300635235845623905e-01,-1.957563337899820843e-01,2.252014229179648552e-01,-6.147934955791186651e-01,1.412268030891726811e-01,-4.293865984554137327e+01,-9.043479090447213764e+00,3.781457244482939295e+00,2.710279991647716602e-01,1.044623301048873465e+00
5.923667743316862744e-01,-5.738166128341570982e+01,-8.968704935319721017e+00,-7.161705062941845501e-01,-2.195197969730223464e-01,2.021904562919137338e-01,-6.308961027027586432e-01,1.392560747915977115e-01,-4.303719626042012436e+01,-9.112111204519649732e+00,3.788020390470610010e+00,1.716732827667346584e-01,1.045350158378020922e+00
5.951324256117678235e-01,-5.824337871941163058e+01,-9.151625987316043265e+00,-7.009538369861344487e-01,-2.436066834242418266e-01,1.795483483642261180e-01,-6.458187792633997004e-01,1.373137291311448405e-01,-4.313431354344276514e+01,-9.179843938412156845e+00,3.791638660801490257e+00,7.203783880609797297e-02,1.045751734520353526e+00
5.978595084084841194e-01,-5.910702457957581402e+01,-9.335892685518830447e+00,-6.844669320798728585e-01,-2.679750149041963403e-01,1.573139594049629275e-01,-6.595049095123771687e-01,1.353991216055302760e-01,-4.323004391972349225e+01,-9.246675578107105054e+00,3.792297089875762861e+00,-2.771563374920842093e-02,1.045824876160621697e+00
6.005485712931277753e-01,-5.997257143534363166e+01,-9.521486994781419355e+00,-6.667669051344409237e-01,-2.925808981159537248e-01,1.355239090090553378e-01,-6.719014614297930121e-01,1.335116379708594925e-01,-4.332441810145703442e+01,-9.312604874607963268e+00,3.789992950611929423e+00,-1.274236802570727911e-01,1.045569008799627442e+00
6.032001508402007328e-01,-6.083999245798997890e+01,-9.708390859601376377e+00,-6.479142825763105629e-01,-3.173786899840529974e-01,1.142124453591330663e-01,-6.829592613305701665e-01,1.316506925114709903e-01,-4.341746537442645604e+01,-9.377631040710806332e+00,3.784735781256860498e+00,-2.269231370738893361e-01,1.044986141952772840e+00
6.058147721814582942e-01,-6.170926139092710372e+01,-9.896586213315703873e+00,-6.279726966033335467e-01,-3.423211759408368859e-01,9.341133205407976814e-02,-6.926332418942606761e-01,1.298157264030173619e-01,-4.350921367984913957e+01,-9.441753746778934087e+00,3.776547291688943098e+00,-3.260521742121350597e-01,1.044080850982089137e+00
6.083929495281056310e-01,-6.258035252359474043e+01,-1.008605498720207549e+01,-6.070085584965578818e-01,-3.673597592851581273e-01,7.314975369373517833e-02,-7.008826611894756198e-01,1.280062061638215509e-01,-4.359968969180892628e+01,-9.504973115580945375e+00,3.765461150929910517e+00,-4.246513196430118375e-01,1.042860235895760157e+00
6.109351866628657257e-01,-6.345324066685673614e+01,-1.027677911946797273e+01,-5.850907158503241279e-01,-3.924446595492239176e-01,5.345424114171822005e-02,-7.076712907106870176e-01,1.262216221898620760e-01,-4.368891889050689770e+01,-9.567289716252595611e+00,3.751522659737619225e+00,-5.225644513341729525e-01,1.041333857869039203e+00
6.134419774035462236e-01,-6.432790112982272035e+01,-1.046874056411079401e+01,-5.622900974389702933e-01,-4.175251177232608968e-01,3.434861710194505452e-02,-7.129675709247537130e-01,1.244614873690291085e-01,-4.377692563154854355e+01,-9.628704557442455680e+00,3.734788314195839565e+00,-6.196397438625717013e-01,1.039513654638346773e+00
6.159138060396498471e-01,-6.520430969801753918e+01,-1.066192129963321378e+01,-5.386793495712332014e-01,-4.425496061459692765e-01,1.585396234732687482e-02,-7.167447333242619179e-01,1.227253357705571091e-01,-4.386373321147214455e+01,-9.689219079700913895e+00,3.715325268090285071e+00,-7.157305574861394515e-01,1.037413836284980961e+00
6.183511477434932013e-01,-6.608244261282537479e+01,-1.085630333759924326e+01,-5.143324678390454041e-01,-4.674660408711819315e-01,-2.011397361140632861e-03,-7.189808884917107124e-01,1.210127214057809958e-01,-4.394936392971094818e+01,-9.748835147171284632e+00,3.693210703512001647e+00,-8.106962588589380347e-01,1.035050763246392558e+00
6.207544689572234153e-01,-6.696227655213886010e+01,-1.105186873101761691e+01,-4.893244281463153822e-01,-4.922219943661741426e-01,-1.923188392268322319e-02,-7.196590801799100934e-01,1.193232170565842465e-01,-4.403383914717078795e+01,-9.807555038640833445e+00,3.668531120518423450e+00,-9.044029640881621201e-01,1.032442808663316391e+00
6.231242277570516741e-01,-6.784378861214744916e+01,-1.124859958254027958e+01,-4.637308208082465688e-01,-5.167649064818493621e-01,-3.579463965483222626e-02,-7.187673058975028173e-01,1.176564131681115816e-01,-4.411717934159442223e+01,-9.865381438008435921e+00,3.641381557777929157e+00,-9.967241965074814525e-01,1.029610207384156206e+00
6.254608741959567508e-01,-6.872695629020219599e+01,-1.144647805246484218e+01,-4.376274913477313788e-01,-5.410422917556160227e-01,-5.168948097031178524e-02,-7.162985049431184192e-01,1.160119168025065123e-01,-4.419940415987467475e+01,-9.922317424224218030e+00,3.611864756906145502e+00,-1.087541453325669760e+00,1.026574894100117818e+00
6.277648506260479211e-01,-6.961175746869764680e+01,-1.164548636653101532e+01,-4.110901913891911175e-01,-5.650019412593374479e-01,-6.690883402469050001e-02,-7.122505152475762102e-01,1.143893506506080265e-01,-4.428053246746959815e+01,-9.978366460755150769e+00,3.580090283663751372e+00,-1.176744677147024687e+00,1.023360333174141434e+00
6.300365920017167998e-01,-7.049817039991420131e+01,-1.184560682350203997e+01,-3.841942427702768614e-01,-5.885921173817755259e-01,-8.144765360120775899e-02,-7.066260007527160880e-01,1.127883520987017080e-01,-4.436058239506491674e+01,-1.003353238462892882e+01,3.546173619329726190e+00,-1.264232630196618024e+00,1.019991342754397623e+00
6.322765261646520196e-01,-7.138617369176743921e+01,-1.204682180252321011e+01,-3.570142176676109336e-01,-6.117617401315387227e-01,-9.530332668145465036e-02,-6.994323513716740326e-01,1.112085723475700338e-01,-4.443957138262150153e+01,-1.008781939510682335e+01,3.510235235405005483e+00,-1.349913170868067169e+00,1.016493915731740527e+00
6.344850741117357140e-01,-7.227574629441325271e+01,-1.224911377025054726e+01,-3.296236371744647453e-01,-6.344605637565733369e-01,-1.084755622981432160e-01,-6.906815578345327777e-01,1.096496755812259444e-01,-4.451751622093870253e+01,-1.014123204203438178e+01,3.472399664362736615e+00,-1.433703433898478874e+00,1.012895040014596626e+00
6.366626502467905846e-01,-7.316686748766051096e+01,-1.245246528774366368e+01,-3.020946903864799582e-01,-6.566393426936595334e-01,-1.209662693776680648e-01,-6.803900639230492375e-01,1.081113381828439218e-01,-4.459443309085780527e+01,-1.019377521391700192e+01,3.432794578473787439e+00,-1.515529917025257411e+00,1.009222520460361983e+00
6.388096626170982617e-01,-7.405951686914512777e+01,-1.265685901711776218e+01,-2.744979756566992557e-01,-6.782499860804109826e-01,-1.327794243553115372e-01,-6.685785987382714124e-01,1.065932479955241097e-01,-4.467033760022379596e+01,-1.024545412576547676e+01,3.391549887836655230e+00,-1.595328478360865221e+00,1.005504804626634607e+00
6.409265131355619260e-01,-7.495367434322194811e+01,-1.286227772795060176e+01,-2.469022652832925935e-01,-6.992457002775926966e-01,-1.439209303855759903e-01,-6.552719917267443295e-01,1.050951036256394522e-01,-4.474524481871802806e+01,-1.029627430675464517e+01,3.348796867670086108e+00,-1.673044249910810022e+00,1.001770814296448764e+00
6.430135977893439714e-01,-7.584932011053284384e+01,-1.306870430344112499e+01,-2.193742945016991241e-01,-7.195811190564276316e-01,-1.543984699759825829e-01,-6.404989732176382677e-01,1.036166137866228604e-01,-4.481916931066885468e+01,-1.034624158773625346e+01,3.304667323727112471e+00,-1.748631473641836465e+00,9.980497844973796884e-01
6.450713068357668556e-01,-7.674643465821169741e+01,-1.327612174631719633e+01,-1.919785752757134367e-01,-7.392124212999260369e-01,-1.642213528472766249e-01,-6.242919631987809970e-01,1.021574966811524959e-01,-4.489212516594237457e+01,-1.039536208864512190e+01,3.259292803403497807e+00,-1.822053267274257315e+00,9.943711114832657350e-01
6.471000249862249865e-01,-7.764499875068878509e+01,-1.348451318449072289e+01,-1.647772350264085917e-01,-7.580974362458573479e-01,-1.734003607694756532e-01,-6.066868509895024797e-01,1.007174794197885082e-01,-4.496412602901057198e+01,-1.044364220583566727e+01,3.212803858782859567e+00,-1.893281327524840352e+00,9.907642108873422337e-01
6.491001315788187398e-01,-7.854499342105910387e+01,-1.369386187645908670e+01,-1.378298801094966497e-01,-7.761957364593167208e-01,-1.819475910451870126e-01,-5.877227683584107520e-01,9.929629747420502806e-02,-4.503518512628974690e+01,-1.049108859938377769e+01,3.165329366523256471e+00,-1.962295578871525059e+00,9.872583869942550550e-01
6.510720007403837384e-01,-7.944639996298086260e+01,-1.390415121645255958e+01,-1.111934835552329526e-01,-7.934687188632112420e-01,-1.898763002130044730e-01,-5.674418584911444796e-01,9.789369416324641970e-02,-4.510531529183767674e+01,-1.053770818038702295e+01,3.116995908180059782e+00,-2.029083776060998989e+00,9.838827138223821267e-01
6.530160015385557681e-01,-8.034919992307226266e+01,-1.411536473932795488e+01,-8.492229632339519385e-02,-8.098796742744494015e-01,-1.972007494285890616e-01,-5.458890430434116814e-01,9.650942017011798768e-02,-4.517452899149409973e+01,-1.058350809829415695e+01,3.067927213306995249e+00,-2.093641068551791662e+00,9.806659284628898021e-01
6.549324981244774024e-01,-8.125337509377618517e+01,-1.432748612520940767e+01,-5.906778110106461477e-02,-8.253938459918861437e-01,-2.039360528532622729e-01,-5.231117893247869688e-01,9.514323308909862498e-02,-4.524283834554506711e+01,-1.062849572829287759e+01,3.018243666505688871e+00,-2.155969534899362827e+00,9.776363368927217801e-01
6.568218498667208749e-01,-8.215890750666400777e+01,-1.454049920387772410e+01,-3.367856748358773189e-02,-8.399784780594879985e-01,-2.100980302434663771e-01,-4.991598794551010965e-01,9.379489700023610488e-02,-4.531025514998819403e+01,-1.067267865878287658e+01,2.968061878522850527e+00,-2.216077694768118889e+00,9.748217322689504138e-01
6.586844114769723202e-01,-8.306577942615143684e+01,-1.475438795891024846e+01,-8.800427228843568650e-03,-8.536028538855733316e-01,-2.157030647929148726e-01,-4.740851831236990166e-01,9.246418207055584482e-02,-4.537679089647220820e+01,-1.071606467895925974e+01,2.917494320537007635e+00,-2.273980005821966799e+00,9.722493255242612431e-01
6.605205331279941916e-01,-8.397397334360034904e+01,-1.496913653157369950e+01,1.552373183946496177e-02,-8.662383259376137401e-01,-2.207679671359865370e-01,-4.479414353676910432e-01,9.115086418038077787e-02,-4.544245679098096247e+01,-1.075866176652959005e+01,2.866649019942070886e+00,-2.329696352223562084e+00,9.699456879194610082e-01
6.623305605643534655e-01,-8.488347197178238446e+01,-1.518472922447286955e+01,3.925385478431683839e-02,-8.778583372535241347e-01,-2.253098462788571676e-01,-4.207840205732719663e-01,8.985472457342384700e-02,-4.550726377132880884e+01,-1.080047807558594286e+01,2.815629315226972462e+00,-2.383251530885869496e+00,9.679367050695683039e-01
6.641148352063785953e-01,-8.579425823968112752e+01,-1.540115050495847449e+01,6.235271291771948832e-02,-8.884384355164121061e-01,-2.293459880865495459e-01,-3.926697636982432460e-01,8.857554952937553294e-02,-4.557122252353122605e+01,-1.084152192465161946e+01,2.764533666969057890e+00,-2.434674740989597019e+00,9.662475418452345366e-01
6.658736942477836429e-01,-8.670631528761087736e+01,-1.561838500829782994e+01,8.478586314780525712e-02,-8.979562804323413250e-01,-2.328937418216292521e-01,-3.636567295173463443e-01,8.731313005776746017e-02,-4.563434349711162952e+01,-1.088180178492044448e+01,2.713455521500339085e+00,-2.483999081626349970e+00,9.649026174602590711e-01
6.676074707473719227e-01,-8.761962646263145871e+01,-1.583641754061239304e+01,1.065215948813214020e-01,-9.063916451317629575e-01,-2.359704151053721721e-01,-3.338040305075100078e-01,8.606726161194901137e-02,-4.569663691940255035e+01,-1.092132626870490597e+01,2.662483223463770976e+00,-2.531261061767454912e+00,9.639255899875613931e-01
6.693164937152117355e-01,-8.853417531423946230e+01,-1.605523308158645790e+01,1.275308660261195992e-01,-9.137264122868725691e-01,-2.385931775561609125e-01,-3.031716438195738439e-01,8.483774382206740738e-02,-4.575811280889663379e+01,-1.096010411810783758e+01,2.611699973242918471e+00,-2.576500126107546418e+00,9.633393494984865413e-01
6.710010881936521177e-01,-8.944994559031744075e+01,-1.627481678695164646e+01,1.477872295938189029e-01,-9.199445656011598915e-01,-2.407789732535374760e-01,-2.718202376278079369e-01,8.362438024599329334e-02,-4.581878098770033603e+01,-1.099814419393077358e+01,2.561183825112679280e+00,-2.619758199702758361e+00,9.631660189917875536e-01
6.726615753335287717e-01,-9.036692123332360893e+01,-1.649515399075202993e+01,1.672667523432894432e-01,-9.250321772856395786e-01,-2.425444420803019308e-01,-2.398110070093754376e-01,8.242697813718311006e-02,-4.587865109314084577e+01,-1.103545546483066708e+01,2.511007721910121226e+00,-2.661079253725922911e+00,9.634269622668830690e-01
6.742982724658883598e-01,-9.128508637670563530e+01,-1.671623020739494692e+01,1.859479268341284186e-01,-9.289773920903449111e-01,-2.439058499095562160e-01,-2.072055193830759645e-01,8.124534822851676996e-02,-4.593773258857416408e+01,-1.107204699673525816e+01,2.461239562051434238e+00,-2.700508894103292423e+00,9.641427978987787695e-01
6.759114931695413553e-01,-9.220442534152299174e+01,-1.693803113349279599e+01,2.038115781788072678e-01,-9.317704084111219087e-01,-2.448790275286312768e-01,-1.740655694301356249e-01,8.007930453119470326e-02,-4.599603477344026459e+01,-1.110792794252603244e+01,2.411942294811954657e+00,-2.738093974284546483e+00,9.653334184871049661e-01
6.775015473347364425e-01,-9.312492263326323894e+01,-1.716054264950123098e+01,2.208407666953369486e-01,-9.334034569419054073e-01,-2.454793181271762714e-01,-1.404530433290135105e-01,7.892866414782180595e-02,-4.605356679260891184e+01,-1.114310753199645987e+01,2.363174039929873071e+00,-2.773882232933819303e+00,9.670180143768366543e-01
6.790687412232315756e-01,-9.404656293883847695e+01,-1.738375082115932457e+01,2.370206875715225592e-01,-9.338707772926186923e-01,-2.457215331219142485e-01,-1.064297920604358183e-01,7.779324709884760658e-02,-4.611033764505761923e+01,-1.117759506209197795e+01,2.314988227779893215e+00,-2.807921956915996109e+00,9.692151010813365719e-01
6.806133775250204909e-01,-9.496933112374902919e+01,-1.760764190073739854e+01,2.523385685592605121e-01,-9.331685929435775684e-01,-2.456199160451350560e-01,-7.205751347720820710e-02,7.667287616157220098e-02,-4.616635619192138762e+01,-1.121139988743707150e+01,2.267433756580796267e+00,-2.840261669589960736e+00,9.719425496774338757e-01
6.821357554119586997e-01,-9.589321222940210987e+01,-1.783220232809829753e+01,2.667835666246780035e-01,-9.312950848595736852e-01,-2.451881141872493952e-01,-3.739764278470394249e-02,7.556737672096597302e-02,-4.622163116395169880e+01,-1.124453141115369625e+01,2.220555163341540794e+00,-2.870949844107917759e+00,9.752176194855484148e-01
6.836361705885184437e-01,-9.681819147057412067e+01,-1.805741873157797528e+01,2.803466643887398968e-01,-9.282503640412843593e-01,-2.444391576549509726e-01,-2.511251041099962777e-03,7.447657663158799290e-02,-4.627617116842059630e+01,-1.127699907597430240e+01,2.174392805506142334e+00,-2.900034641155524007e+00,9.790569923938053920e-01
6.851149153398867764e-01,-9.774425423300570515e+01,-1.828327792869130874e+01,2.930205671044959770e-01,-9.240364432487714330e-01,-2.433854454849672944e-01,3.254104873979796891e-02,7.340030608992363648e-02,-4.632998469550381770e+01,-1.130881235565175835e+01,2.128983050521083165e+00,-2.927563670348707792e+00,9.834768082322747906e-01
6.865722785776096071e-01,-9.867138607111957072e+01,-1.850976692666909074e+01,3.047996008323947681e-01,-9.186572080919264138e-01,-2.420387384382508555e-01,6.769918831717541829e-02,7.233839751649569216e-02,-4.638308012417521553e+01,-1.133998074666758171e+01,2.084358470814408726e+00,-2.953583774326584255e+00,9.884927006507278069e-01
6.880085458829701128e-01,-9.959957270585154276e+01,-1.873687292283218042e+01,3.156796123948041322e-01,-9.121183876460082773e-01,-2.404101580900006863e-01,1.029037242260519014e-01,7.129068544713618172e-02,-4.643546572764319080e+01,-1.137051376023906180e+01,2.040548041937950252e+00,-2.978140834442243534e+00,9.941198329996354666e-01
6.894239995482800420e-01,-1.005288000225860401e+02,-1.896458330480876597e+01,3.256578716155939524e-01,-9.044275247170144860e-01,-2.385101918263631549e-01,1.380959114989072367e-01,7.025700643283702695e-02,-4.648714967835815060e+01,-1.140042091462506235e+01,1.997577341879177126e+00,-3.001279596850698894e+00,1.000372933758731708e+00
6.908189186162484452e-01,-1.014590540691876157e+02,-1.919288565060075413e+01,3.347329762807153553e-01,-8.955939458515553842e-01,-2.363487033583241137e-01,1.732177715465910428e-01,6.923719894762797589e-02,-4.653814005261860132e+01,-1.142971172772961275e+01,1.955468749793832783e+00,-3.023043517722117102e+00,1.007266331099682777e+00
6.921935789175840403e-01,-1.023903210541208324e+02,-1.942176772850516642e+01,3.429047601913544630e-01,-8.856287311591130029e-01,-2.339349483665006113e-01,2.082121546301419768e-01,6.823110330395870671e-02,-4.658844483480206122e+01,-1.145839571000169244e+01,1.914241642642252161e+00,-3.043474626264868643e+00,1.014813986208755958e+00
6.935482531069766532e-01,-1.033225873446511969e+02,-1.965121749689649633e+01,3.501742046225151395e-01,-8.745446839909645220e-01,-2.312775948966444839e-01,2.430227973424100574e-01,6.723856157508961706e-02,-4.663807192124551904e+01,-1.148648235762902559e+01,1.873912588429381909e+00,-3.062613404223297753e+00,1.023029525031505127e+00
6.948832106975919576e-01,-1.042558394651204310e+02,-1.988122310387584335e+01,3.565433534467534193e-01,-8.623563004994784231e-01,-2.283847481341115537e-01,2.775943755026401560e-01,6.625941752402207674e-02,-4.668702912379889369e+01,-1.151398114602312539e+01,1.834495534949829088e+00,-3.080498680515984855e+00,1.031926268134158997e+00
6.961987180942066367e-01,-1.051900640952896993e+02,-2.011177288679265018e+01,3.620152321351096658e-01,-8.490797390837695469e-01,-2.252639791958105375e-01,3.118725528492081178e-01,6.529351653852412396e-02,-4.673532417307379205e+01,-1.154090152359232846e+01,1.796001993124129337e+00,-3.097167539698431948e+00,1.041517258405461499e+00
6.974950386251018708e-01,-1.061252480687449378e+02,-2.034285537164473823e+01,3.665937708048641608e-01,-8.347327897126184393e-01,-2.219223575897618372e-01,3.458040258961783686e-01,6.434070557183177441e-02,-4.678296472140841189e+01,-1.156725290579907650e+01,1.758441214180602064e+00,-3.112655242966643865e+00,1.051815286348141143e+00
6.987724325728238428e-01,-1.070613783713588418e+02,-2.057445927236229721e+01,3.702837314463156004e-01,-8.193348431028969481e-01,-2.183664870049565054e-01,3.793365652988653358e-01,6.340083308862895506e-02,-4.682995834556854930e+01,-1.159304466949727086e+01,1.721820360088802015e+00,-3.126995160462292755e+00,1.062832912730978796e+00
7.000311572039137342e-01,-1.079984421398043537e+02,-2.080657348998139611e+01,3.730906394280537608e-01,-8.029068597212589697e-01,-2.146025441073492468e-01,4.124190540526370685e-01,6.247374901593123059e-02,-4.687631254920343338e+01,-1.161828614754517730e+01,1.686144666786073998e+00,-3.140218713693733843e+00,1.074582488390702251e+00
7.012714667977012484e-01,-1.089364266601149751e+02,-2.103918711171245093e+01,3.750207193518423909e-01,-7.854713385683215199e-01,-2.106363200312325046e-01,4.450015228282268032e-01,6.155930469851949444e-02,-4.692203476507402371e+01,-1.164298662368896053e+01,1.651417599858703289e+00,-3.152355326947958947e+00,1.087076170987771651e+00
7.024936126742499232e-01,-1.098753193662875418e+02,-2.127228940990903538e+01,3.760808353039057361e-01,-7.670522856977366466e-01,-2.064732642686506192e-01,4.770351827261756217e-01,6.065735285858983583e-02,-4.696713235707050416e+01,-1.166715532771168284e+01,1.617641002444419218e+00,-3.163432386634866589e+00,1.100325938531709680e+00
7.036978432215345025e-01,-1.108151078389233106e+02,-2.150586984094228882e+01,3.762784355287689397e-01,-7.476751824172120919e-01,-2.021185306726941411e-01,5.084724557130076983e-01,5.976774755930495259e-02,-4.701161262203474678e+01,-1.169080143084227252e+01,1.584815235214449336e+00,-3.173475207575442880e+00,1.114343599500164483e+00
7.048844039219261948e-01,-1.117557798039037209e+02,-2.173991804398603378e+01,3.756215015344946395e-01,-7.273669531144520972e-01,-1.975770253032687607e-01,5.392670029825741285e-01,5.889034417195074950e-02,-4.705548279140245427e+01,-1.171393404141877959e+01,1.552939308371920957e+00,-3.182507005318313098e+00,1.129140799381587845e+00
7.060535373780543189e-01,-1.126973231310973205e+02,-2.197442383971767299e+01,3.741185016238309236e-01,-7.061559326479549537e-01,-1.928534558560991152e-01,5.693737514678693934e-01,5.802499934641917878e-02,-4.709875003267903537e+01,-1.173656220080000168e+01,1.522011005670177886e+00,-3.190548873643589189e+00,1.144729023474506224e+00
7.072054833381095085e-01,-1.136397258330945590e+02,-2.220937722893975064e+01,3.717783488341099285e-01,-6.840718332404073232e-01,-1.879523824271679411e-01,5.987489187116648015e-01,5.717157098475495608e-02,-4.714142145076224466e+01,-1.175869487951941039e+01,1.492027000510557144e+00,-3.197619766488154713e+00,1.161119595777101443e+00
7.083404787206454278e-01,-1.145829760639677630e+02,-2.244476839112694577e+01,3.686103632593785706e-01,-6.611457108108834690e-01,-1.828782693753970845e-01,6.273500362886023085e-01,5.632991821751957146e-02,-4.718350408912401406e+01,-1.178034097367513944e+01,1.462982964225378879e+00,-3.203736483601845819e+00,1.178323673799467786e+00
7.094587576389348449e-01,-1.155270621180532942e+02,-2.268058768290319094e+01,3.646242387208930569e-01,-6.374099306810028231e-01,-1.776355380560566133e-01,6.551359719570146734e-01,5.549990138274105145e-02,-4.722500493086293716e+01,-1.180150930154970901e+01,1.434873666689340244e+00,-3.208913659318938016e+00,1.196352239127741912e+00
7.105605514249280219e-01,-1.164719724287536309e+02,-2.291682563645342441e+01,3.598300137464676141e-01,-6.128981325894676813e-01,-1.722286202060704652e-01,6.820669507057013359e-01,5.468138200723219461e-02,-4.726593089963837713e+01,-1.182220860045302935e+01,1.407693069432126354e+00,-3.213163753903558462e+00,1.215216083564591321e+00
7.116460886528601648e-01,-1.174176955673570149e+02,-2.315347295787437787e+01,3.542380468149493589e-01,-5.876451949488421533e-01,-1.666620117700133574e-01,7.081045748492007519e-01,5.387422279007364478e-02,-4.730628886049630211e+01,-1.184244752378219268e+01,1.381434411447790556e+00,-3.216497047000959508e+00,1.234925790664593181e+00
7.127155951625480101e-01,-1.183642202418726157e+02,-2.339052052546867699e+01,3.478589958190253517e-01,-5.616871982779080286e-01,-1.609403269621202115e-01,7.332118433147278846e-01,5.307828758807094788e-02,-4.734608562059644044e+01,-1.186223463829148805e+01,1.356090287913154668e+00,-3.218921632798861232e+00,1.255491712476140664e+00
7.137692940824140742e-01,-1.193115352958793096e+02,-2.362795938798638673e+01,3.407038016973990557e-01,-5.350613877423221476e-01,-1.550683523650191742e-01,7.573531702548486066e-01,5.229344140300715843e-02,-4.738532792984963038e+01,-1.188157842156605959e+01,1.331652722038959791e+00,-3.220443416574335860e+00,1.276923941293996778e+00
7.148074058522722041e-01,-1.202596297073864093e+02,-2.386578076281800875e+01,3.327836761858573023e-01,-5.078061347354928534e-01,-1.490511008701284057e-01,7.804944031120784054e-01,5.151955037052401154e-02,-4.742402248147378430e+01,-1.190048725969260701e+01,1.308113230284512651e+00,-3.221066112372022339e+00,1.299232276218818649e+00
7.158301482459061837e-01,-1.212084925877047112e+02,-2.410397603414282131e+01,3.241100936356520190e-01,-4.799608974304919173e-01,-1.428938652677035348e-01,8.026028402548395224e-01,5.075648175047580563e-02,-4.746217591247619794e+01,-1.191896944512054546e+01,1.285462881169803007e+00,-3.220791241628953472e+00,1.322426184312250452e+00
7.168377363934688162e-01,-1.221581131803265805e+02,-2.434253675103627756e+01,3.146947868467215859e-01,-4.515661802323364116e-01,-1.366022712963751717e-01,8.236472482985003341e-01,5.000410391861053599e-02,-4.749979480406945953e+01,-1.193703317470706082e+01,1.263692347919174841e+00,-3.219618132630156282e+00,1.346514756128920798e+00
7.178303828037262413e-01,-1.231084808598137101e+02,-2.458145462554008986e+01,3.045497468623626358e-01,-4.226634920580455423e-01,-1.301823299626648223e-01,8.435978792204427146e-01,4.926228635944271406e-02,-4.753688568202785092e+01,-1.195468654793953078e+01,1.242791955168193629e+00,-3.217543920747650610e+00,1.371506655400287267e+00
7.188082973861714686e-01,-1.240595851306914454e+02,-2.482072153069849918e+01,2.936872266708226431e-01,-3.932953033694328027e-01,-1.236404889404094098e-01,8.624264873741479542e-01,4.853089966019166757e-02,-4.757345501699040113e+01,-1.197193756532883668e+01,1.222751719960916361e+00,-3.214563549483751448e+00,1.397410062640196404e+00
7.197716874730254455e-01,-1.250114156263487502e+02,-2.506032949856404457e+01,2.821197487577210561e-01,-3.635050018805914829e-01,-1.169836828582608707e-01,8.801063465040221967e-01,4.780981550566797827e-02,-4.760950922471658231e+01,-1.198879412696715541e+01,1.203561387258829996e+00,-3.210669772407959144e+00,1.424232612438750323e+00
7.207207578411449767e-01,-1.259639621079427769e+02,-2.530027071817609396e+01,2.698601164510186501e-01,-3.333368468584350652e-01,-1.102193822804631573e-01,8.966122668599655343e-01,4.709890667399902614e-02,-4.764505466630002672e+01,-1.200526403124389141e+01,1.185210460175754710e+00,-3.205853156145402671e+00,1.451981324210124491e+00
7.216557107338527066e-01,-1.269172144633073884e+02,-2.554053753351521650e+01,2.569214289972497345e-01,-3.028359219304457839e-01,-1.033556411819560455e-01,9.119206125083721970e-01,4.639804703309256123e-02,-4.768009764834535247e+01,-1.202135497371349437e+01,1.167688225145406378e+00,-3.200102084644030231e+00,1.480662526161929282e+00
7.225767458827023759e-01,-1.278711627058649043e+02,-2.578112244143638421e+01,2.433171003037147007e-01,-2.720480863089541623e-01,-9.640114271353139586e-02,9.260093189341700448e-01,4.570711153774466989e-02,-4.771464442311274468e+01,-1.203707454610900207e+01,1.150983772220508738e+00,-3.193402765017732570e+00,1.510281772259176591e+00
7.234840605291928961e-01,-1.288257969735403776e+02,-2.602201808958384532e+01,2.290608812761065760e-01,-2.410199243358379928e-01,-8.936524304629778204e-02,9.388579110264937411e-01,4.502597622730550309e-02,-4.774870118863470481e+01,-1.205243023549525461e+01,1.135086010694673186e+00,-3.185739235333453045e+00,1.540843751965573105e+00
7.243778494464397921e-01,-1.297811075276780173e+02,-2.626321727429041175e+01,2.141668856744252392e-01,-2.097986932455120912e-01,-8.225801307712916899e-02,9.504475215384535769e-01,4.435451822382280307e-02,-4.778227408880884042e+01,-1.206742942355580794e+01,1.119983680231092071e+00,-3.177093374782227198e+00,1.572352192559450579e+00
7.252583049608142263e-01,-1.307370847519592871e+02,-2.650471293846377918e+01,1.986496194018181893e-01,-1.784322690375337861e-01,-7.509027776812836341e-02,9.607609101090102133e-01,4.369261573058942638e-02,-4.781536921347051106e+01,-1.208207938600773623e+01,1.105665357675735150e+00,-3.167444916747008676e+00,1.604809753841940356e+00
7.261256169735559318e-01,-1.316937191513221990e+02,-2.674649816946235603e+01,1.825240131309875113e-01,-1.469690903431403184e-01,-6.787365288348601311e-02,9.697824829319890982e-01,4.304014803102707010e-02,-4.784799259844862718e+01,-1.209638729213858710e+01,1.092119459727510566e+00,-3.156771465354018869e+00,1.638217915081845666e+00
7.269799729823671619e-01,-1.326510013508816428e+02,-2.698856619696303127e+01,1.658054581608250089e-01,-1.154581001626562298e-01,-6.062057887653774652e-02,9.774983131535396330e-01,4.239699548784376520e-02,-4.788015022560779244e+01,-1.211036020445990502e+01,1.079334241634052782e+00,-3.145048516169055564e+00,1.672576854075970010e+00
7.278215581029919834e-01,-1.336089220948504135e+02,-2.723091039082310871e+01,1.485098453817889352e-01,-8.394868534308208563e-02,-5.334435166841109549e-02,9.838961620746330405e-01,4.176303954240802307e-02,-4.791184802287958178e+01,-1.212400507847185160e+01,1.067297792079708429e+00,-3.132249481775419842e+00,1.707885318246347151e+00
7.286505550907844686e-01,-1.345674722454607775e+02,-2.747352425893862105e+01,1.306536072120314806e-01,-5.249061365744627644e-02,-4.605915004752903635e-02,9.889655012292445369e-01,4.113816271428730881e-02,-4.794309186428561986e+01,-1.213732876253359549e+01,1.055998024432192262e+00,-3.118345723045440554e+00,1.744140487747891433e+00
7.294671443622688933e-01,-1.355266427818865509e+02,-2.771640144510104875e+01,1.122537623472436852e-01,-2.113396833985142775e-02,-3.878005940654394995e-02,9.926975354014250241e-01,4.052224860090312963e-02,-4.797388756995482595e+01,-1.215033799783427249e+01,1.045422664516534761e+00,-3.103306586992428340e+00,1.781337830622456320e+00
7.302715040166943838e-01,-1.364864247991652633e+02,-2.795953572685443334e+01,9.332796314543535809e-02,1.007092007721203594e-02,-3.152309152019057426e-02,9.950852266352642195e-01,3.991518187725928701e-02,-4.800424090613702077e+01,-1.216303941845945857e+01,1.035559235089604790e+00,-3.087099452163479363e+00,1.819470950109180363e+00
7.310638098575839017e-01,-1.374468095071207756e+02,-2.820292101335472523e+01,7.389454544325387009e-02,4.107354478352785720e-02,-2.430520005428044028e-02,9.961233192804929137e-01,3.931684829570384482e-02,-4.803415758521479262e+01,-1.217543955154822655e+01,1.026395037195894311e+00,-3.069689782604939854e+00,1.858531424307346303e+00
7.318442354142787876e-01,-1.384077882292860409e+02,-2.844655134323315337e+01,5.397258057283414734e-02,7.182329673601400843e-02,-1.714429148286395962e-02,9.958083661028950262e-01,3.872713468568914075e-02,-4.806364326571552681e+01,-1.218754481753600416e+01,1.017917128595635212e+00,-3.051041191500313499e+00,1.898508638487776068e+00
7.326129519634783094e-01,-1.393693524018260632e+02,-2.869042088246524713e+01,3.358192931745135335e-02,1.022695418988144589e-01,-1.005923107775392664e-02,9.941387554724974152e-01,3.814592895349764451e-02,-4.809270355232510497e+01,-1.219936153047859406e+01,1.010112299469875685e+00,-3.031115515643541869e+00,1.939389610462965097e+00
7.333701285507728818e-01,-1.403314935724613406e+02,-2.893452392224713776e+01,1.274329751034473587e-02,1.323617018529195943e-01,-3.069843622478600834e-03,9.911147396233975781e-01,3.757312008190476227e-02,-4.812134399590475198e+01,-1.221089589845285772e+01,1.002967045624056031e+00,-3.009872901967192593e+00,1.981158809555564781e+00
7.341159320121699583e-01,-1.412942033993914777e+02,-2.917885487688058177e+01,-8.521707056037133160e-03,1.620493379509038989e-01,3.803091508291799906e-03,9.867384639567970961e-01,3.700859812975273999e-02,-4.814957009351235229e+01,-1.222215402402968998e+01,9.964675394320385848e-01,-2.987271907393207471e+00,2.023797969850141154e+00
7.348505269956100427e-01,-1.422574736502194810e+02,-2.942340828166815925e+01,-3.019051678343062303e-02,1.912822391912177566e-01,1.053785127227354138e-02,9.810139973330623819e-01,3.645225423141261467e-02,-4.817738728842935814e+01,-1.223314190481507246e+01,9.905995987865567898e-01,-2.963269613311220407e+00,2.067285898574884317e+00
7.355740759824709318e-01,-1.432212962008764237e+02,-2.966817879081990128e+01,-5.223954590027005823e-02,2.200105139823608225e-01,1.711178626189169966e-02,9.739473632691965088e-01,3.590398059611390330e-02,-4.820480097019429166e+01,-1.224386543405511674e+01,9.853486543497045336e-01,-2.937821756013526020e+00,2.111598280638337766e+00
7.362867393090568591e-01,-1.441856630345471331e+02,-2.991316117537266095e+01,-7.464413203616140913e-02,2.481846859596347488e-01,2.350134476601428365e-02,9.655465719247682266e-01,3.536367050712408561e-02,-4.823181647464378585e+01,-1.225433040130116424e+01,9.806997154283720874e-01,-2.910882874423708966e+00,2.156707480541215194e+00
7.369886751880697640e-01,-1.451505662405964756e+02,-3.015835032112333991e+01,-9.737847825021304915e-02,2.757557940054267687e-01,2.968210397323172225e-02,9.558216527219403069e-01,3.483121832076227498e-02,-4.825843908396187487e+01,-1.226454249313111866e+01,9.766373348343402316e-01,-2.882406476444656196e+00,2.202582343094460882e+00
7.376800397300589118e-01,-1.461159980134970056e+02,-3.040374122657706479e+01,-1.204155960765091182e-01,3.026754966074777231e-01,3.562880869637635728e-02,9.447846874036719411e-01,3.430651946523356061e-02,-4.828467402673830833e+01,-1.227450729392335305e+01,9.731455731268806586e-01,-2.852345225217784552e+00,2.249187994600977625e+00
7.383609869648453117e-01,-1.470819506517576940e+02,-3.064932900091136148e+01,-1.437272502032601318e-01,3.288961806676828914e-01,4.131541799083447014e-02,9.324498432884003041e-01,3.378947043927253702e-02,-4.831052647803635836e+01,-1.228423028667965156e+01,9.702079626768718157e-01,-2.820651146525280595e+00,2.296485646398334524e+00
7.390316688629172681e-01,-1.480484165568541073e+02,-3.089510886195721895e+01,-1.672839054566671035e-01,3.543710748459911741e-01,4.671516002655923261e-02,9.188334064296054260e-01,3.327996881058620238e-02,-4.833600155947067378e+01,-1.229371685389377333e+01,9.678074720351786953e-01,-2.787275858477247681e+00,2.344432402911141189e+00
7.396922353567922936e-01,-1.490153882321603476e+02,-3.114107613419798426e+01,-1.910546768155349240e-01,3.790543674892377646e-01,5.180059555470550858e-02,9.039538143347926047e-01,3.277791321408828062e-02,-4.836110433929557217e+01,-1.230297227846236474e+01,9.659264711337957054e-01,-2.752170824502084390e+00,2.392981076621693237e+00
7.403428343623420504e-01,-1.499828582818828693e+02,-3.138722624678684880e+01,-2.150072832372568743e-01,4.029013291526232776e-01,5.654369028360703431e-02,8.878316878408887280e-01,3.228320334991835461e-02,-4.838583983250406817e+01,-1.231200174463507047e+01,9.645466978952575987e-01,-2.715287630497431604e+00,2.442080012632236841e+00
7.409836118000749927e-01,-1.509508194099962282e+02,-3.163355473158372178e+01,-2.391080061288820280e-01,4.258684396714301768e-01,6.091589644452011232e-02,8.704898616822900337e-01,3.179573998124084200e-02,-4.841021300093794366e+01,-1.232081033900082012e+01,9.636492268731686739e-01,-2.676578286796993389e+00,2.491672925757094426e+00
7.416147116163731567e-01,-1.519192644191813315e+02,-3.188005722121215157e+01,-2.633216533473146104e-01,4.479135196819124531e-01,6.488824378429239315e-02,8.519534132244290792e-01,3.131542493181991432e-02,-4.843422875340898770e+01,-1.232940305150738425e+01,9.632144405932753228e-01,-2.635995555362129039e+00,2.541698753342348738e+00
7.422362758046778808e-01,-1.528881862097661042e+02,-3.212672944713695955e+01,-2.876115296588413472e-01,4.689958664226727691e-01,6.843144016904091631e-02,8.322496887705476132e-01,3.084216108336784723e-02,-4.845789194583159087e+01,-1.233778477651141436e+01,9.632220043090038430e-01,-2.593493302313488957e+00,2.592091527258141515e+00
7.428484444266203468e-01,-1.538575777786689684e+02,-3.237356723776314738e+01,-3.119394146285266456e-01,4.890763935709511734e-01,7.151598191926751558e-02,8.114083267833700486e-01,3.037585237266530319e-02,-4.848120738136671548e+01,-1.234596031385631143e+01,9.636508449262951581e-01,-2.549026875574939677e+00,2.642780268736260929e+00
7.434513556330926143e-01,-1.548274322183453648e+02,-3.262056651655662165e+01,-3.362655489427744948e-01,5.081177747819650703e-01,7.411227392192999697e-02,7.894612772977867010e-01,2.991640378845302276e-02,-4.850417981057732675e+01,-1.235393436997535943e+01,9.644791348881872617e-01,-2.502553507008302702e+00,2.693688909924892183e+00
7.440451456852532619e-01,-1.557977427157373427e+02,-3.286772330018722243e+01,-3.605486301915971636e-01,5.260845905038481485e-01,7.619075947829533069e-02,7.664428167369121692e-01,2.946372136809535802e-02,-4.852681393159520695e+01,-1.236171155901768870e+01,9.656842818380392268e-01,-2.454032737972843936e+00,2.744736246193563378e+00
7.446299489754649725e-01,-1.567685025512267600e+02,-3.311503369669446784e+01,-3.847458191487997947e-01,5.429434775361806631e-01,7.772205974758576719e-02,7.423895572836580747e-01,2.901771219401686960e-02,-4.854911439029913112e+01,-1.236929640399473307e+01,9.672429248995033646e-01,-2.403426866749266644e+00,2.795835923334014428e+00
7.452058980481580663e-01,-1.577397050975920934e+02,-3.336249390367642320e+01,-4.088127575862392504e-01,5.586632806872213752e-01,7.867712253538466927e-02,7.173404499051312389e-01,2.857828438991400280e-02,-4.857108578050427639e+01,-1.237669333794496040e+01,9.691309384191660881e-01,-2.350701415727002086e+00,2.846896463855817405e+00
7.457731236206164294e-01,-1.587113438189691692e+02,-3.361010020650201824e+01,-4.327035986403631185e-01,5.732152057647358356e-01,7.902738005268039601e-02,6.913367800798446705e-01,2.814534711674444162e-02,-4.859273264416275140e+01,-1.238390670511474845e+01,9.713234440119351554e-01,-2.295825615670690212e+00,2.897821336557626637e+00
7.463317546036805084e-01,-1.596834122698159604e+02,-3.385784897654713177e+01,-4.563710507132167082e-01,5.865729730091154837e-01,7.874491513681360078e-02,6.644221552401826658e-01,2.771881056849745395e-02,-4.861405947157510354e+01,-1.239094076215338447e+01,9.737948317274848220e-01,-2.238772903763739386e+00,2.948509073454319562e+00
7.468819181223641523e-01,-1.606559040938817873e+02,-3.410573666945472127e+01,-4.797664358339500112e-01,5.987129699470775668e-01,7.780263528036822362e-02,6.366424829172226962e-01,2.729858596774898880e-02,-4.863507070161252699e+01,-1.239779967932024896e+01,9.765187911161751222e-01,-2.179521431483006477e+00,2.998853437945761868e+00
7.474237395363797498e-01,-1.616288130231810101e+02,-3.435375982341916057e+01,-5.028397633286705304e-01,6.096144025118295229e-01,7.617445365955155534e-02,6.080459385644012560e-01,2.688458556100580335e-02,-4.865577072194968622e+01,-1.240448754170237677e+01,9.794683529127793387e-01,-2.118054577700594798e+00,3.048743647813994428e+00
7.479573424605688858e-01,-1.626021328769715524e+02,-3.460191505749505581e+01,-5.255398195446473464e-01,6.192594431438179781e-01,7.383547619166341835e-02,5.786829220431626286e-01,2.647672261384333842e-02,-4.867616386930780692e+01,-1.241100835044061768e+01,9.826159419742940271e-01,-2.054361461750684459e+00,3.098064656223133095e+00
7.484828487852334122e-01,-1.635758575607383420e+02,-3.485019906993064609e+01,-5.478142742481300065e-01,6.276333744581500396e-01,7.076219348417327193e-02,5.486060017801419608e-01,2.607491140584240405e-02,-4.869625442970785656e+01,-1.241736602396277789e+01,9.859334420026422130e-01,-1.988437450557876129e+00,3.146697493362958564e+00
7.490003786963629340e-01,-1.645499810651818677e+02,-3.509860863652590268e+01,-5.696098041626380670e-01,6.347247269439733053e-01,6.693267636853902913e-02,5.178698456539410078e-01,2.567906722533005309e-02,-4.871604663873347363e+01,-1.242356439922213696e+01,9.893922724532910884e-01,-1.920284653317638757e+00,3.194519670718346305e+00
7.495100506957560471e-01,-1.655244974652122210e+02,-3.534714060901546873e+01,-5.908722339363284837e-01,6.405254090513936571e-01,6.232677354354915211e-02,4.865311377422504857e-01,2.528910636393036024e-02,-4.873554468180346078e+01,-1.242960723293988679e+01,9.929634778763923864e-01,-1.849912396670120529e+00,3.241405649160864044e+00
7.500119816210298884e-01,-1.664994009189485382e+02,-3.559579191347647509e+01,-6.115466946234915380e-01,6.450308279270704492e-01,5.692630968947208492e-02,4.546484801586552771e-01,2.490494611093100122e-02,-4.875475269445342974e+01,-1.243549820285005936e+01,9.966178297584613599e-01,-1.777337672838321669e+00,3.287227371148393029e+00
7.505062866655157761e-01,-1.674746856667242412e+02,-3.584455954876123229e+01,-6.315777995376810061e-01,6.482399989848165456e-01,5.071528225990436234e-02,4.222822793341433067e-01,2.452650474747172793e-02,-4.877367476262639201e+01,-1.244124090894562151e+01,1.000325940731148000e+00,-1.702585552833954408e+00,3.331854856290246136e+00
7.509930793980365005e-01,-1.684503460300982169e+02,-3.609344058495489094e+01,-6.509098370846577719e-01,6.501556424468074580e-01,4.368005501752562914e-02,3.894946162517111121e-01,2.415370154056108165e-02,-4.879231492297192574e+01,-1.244683887472448802e+01,1.004058390791587874e+00,-1.625689556592936125e+00,3.375156858400637727e+00
7.514724717825626010e-01,-1.694263764108719101e+02,-3.634243216185797820e+01,-6.694869799153528866e-01,6.507842649687469727e-01,3.580954625784672773e-02,3.563491003233572041e-01,2.378645673692769691e-02,-4.881067716315359206e+01,-1.245229554843424857e+01,1.007785864939421794e+00,-1.546691971810397082e+00,3.417001580939361904e+00
7.519445741977441866e-01,-1.704027712901128382e+02,-3.659153148749383178e+01,-6.872535094565426217e-01,6.501362244727038053e-01,2.709540956643893828e-02,3.229107068061643493e-01,2.342469155671276365e-02,-4.882876542216433791e+01,-1.245761430431450556e+01,1.011479301383187313e+00,-1.465644113323594011e+00,3.457257446447437488e+00
7.524094954563143034e-01,-1.713795252271843310e+02,-3.684073583664082463e+01,-7.041540545849208632e-01,6.482257763580584475e-01,1.753220488497428398e-02,2.892455978861427357e-01,2.306832818701023968e-02,-4.884658359064946609e+01,-1.246279844383576929e+01,1.015110049208757026e+00,-1.382606515158638860e+00,3.495793914254837986e+00
7.528673428243627397e-01,-1.723566328587819214e+02,-3.709004254938934508e+01,-7.201338429147221554e-01,6.450710993471975296e-01,7.117557624372041966e-03,2.554209278120675441e-01,2.271728977526143653e-02,-4.886413551123690979e+01,-1.246785119693391763e+01,1.018650034141175276e+00,-1.297649047827830193e+00,3.532482339399742433e+00
7.533182220404752716e-01,-1.733340888979763008e+02,-3.733944902972339008e+01,-7.351389628767341922e-01,6.406942993505604367e-01,-4.147696436313356300e-03,2.215046327327122033e-01,2.237150042251068172e-02,-4.888142497887444904e+01,-1.247277572323929640e+01,1.022071930775773962e+00,-1.210850954147827840e+00,3.567196864390845601e+00
7.537622373347374616e-01,-1.743118881332631815e+02,-3.758895274412671483e+01,-7.491166344848627645e-01,6.351213899066738833e-01,-1.625938268530258135e-02,1.875652061746380106e-01,2.203088517652874653e-02,-4.889845574117354943e+01,-1.247757511329959712e+01,1.025349339412656047e+00,-1.122300797747835865e+00,3.599815334206277750e+00
7.541994914475994571e-01,-1.752900254276200940e+02,-3.783855122021333983e+01,-7.620154864232222547e-01,6.283822479669991523e-01,-2.920987778277126662e-02,1.536714613880944269e-01,2.169537002481068330e-02,-4.891523149875945364e+01,-1.248225238979568630e+01,1.028456965408744539e+00,-1.032096319547123997e+00,3.630220223796873036e+00
7.546300856485991249e-01,-1.762684957175701186e+02,-3.808824204538230163e+01,-7.737858368501030482e-01,6.205105440515453763e-01,-4.298802033924953997e-02,1.198922820788164006e-01,2.136488188745475428e-02,-4.893175590562724864e+01,-1.248681050874964882e+01,1.031370798771934494e+00,-9.403441987904818111e-01,3.658299566390658786e+00
7.550541197549420769e-01,-1.772472940122529792e+02,-3.833802286549649097e+01,-7.843799751130919873e-01,6.115436460966012788e-01,-5.757904399573313819e-02,8.629636332610909899e-02,2.103934860992901987e-02,-4.894803256950353898e+01,-1.249125236072431910e+01,1.034068291570563014e+00,-8.471597167182193244e-01,3.683947870121157653e+00
7.554716921499361471e-01,-1.782264153925032701e+02,-3.858789138358540782e+01,-7.937524414097135717e-01,6.015224966464778333e-01,-7.296453451198080253e-02,5.295194475467658590e-02,2.071869895573215381e-02,-4.896406505221338534e+01,-1.249558077201365869e+01,1.036528530625922206e+00,-7.526663225855051431e-01,3.707067009962889959e+00
7.558828998012774303e-01,-1.792058550099362151e+02,-3.883784535857157039e+01,-8.018603013171005101e-01,5.904914634012229380e-01,-8.912241220523253737e-02,1.992653827107597475e-02,2.040286259895491422e-02,-4.897985687005224520e+01,-1.249979850582335672e+01,1.038732402902405649e+00,-6.569951034977328241e-01,3.727567081686848471e+00
7.562878382791869969e-01,-1.801856080860407303e+02,-3.908788260402049985e+01,-8.086634120582593122e-01,5.784981635148779278e-01,-1.060269407784461271e-01,-1.271334711252428140e-02,2.009177011674870977e-02,-4.899541149416255337e+01,-1.250390826344110451e+01,1.040662751014269638e+00,-5.602841613508349194e-01,3.745367204573227582e+00
7.566866017743961725e-01,-1.811656699112802755e+02,-3.933800098691395419e+01,-8.141246773759740485e-01,5.655932624357798977e-01,-1.236487632404039694e-01,-4.490248067199083259e-02,1.978535298170749218e-02,-4.901073235091461555e+01,-1.250791268539601298e+01,1.042304516333386166e+00,-4.626779020089130667e-01,3.760396259956218401e+00
7.570792831159784964e-01,-1.821460358442011511e+02,-3.958819842644627585e+01,-8.182102879511892191e-01,5.518302484824397780e-01,-1.419549652563398545e-01,-7.657718276035480054e-02,1.948354355416921299e-02,-4.902582282229153066e+01,-1.251181435260669339e+01,1.043644867310283386e+00,-3.643262436631279910e-01,3.772593553334042671e+00
7.574659737890270250e-01,-1.831267013105487251e+02,-3.983847289284354787e+01,-8.208899444319067706e-01,5.372651847457113883e-01,-1.609091658849224615e-01,-1.076755920955705936e-01,1.918627507444288852e-02,-4.904068624627785056e+01,-1.251561578751757153e+01,1.044673310810566358e+00,-2.653837530404163925e-01,3.781909388753285306e+00
7.578467639521754284e-01,-1.841076618023913056e+02,-4.008882240620537374e+01,-8.221370603303124192e-01,5.219564402899836697e-01,-1.804716352643145894e-01,-1.381379246311703612e-01,1.889348165496724033e-02,-4.905532591725163627e+01,-1.251931945522301781e+01,1.045381784517566137e+00,-1.660087197134826331e-01,3.788305545455035617e+00
7.582217424549615448e-01,-1.850889128772519996e+02,-4.033924503536902506e+01,-8.219289422970871284e-01,5.059644029826675382e-01,-2.005994384160813826e-01,-1.679067211339901611e-01,1.860509827240676081e-02,-4.906974508637966181e+01,-1.252292776457894341e+01,1.045764728754612793e+00,-6.636218015255276881e-02,3.791755648324834915e+00
7.585909968550326177e-01,-1.860704501572484446e+02,-4.058973889679566582e+01,-8.202469455877270388e-01,4.893511766023935228e-01,-2.212466039507529625e-01,-1.969270806927944650e-01,1.832106075969088324e-02,-4.908394696201545315e+01,-1.252644306930151608e+01,1.045819136429336327e+00,3.339309569247005116e-02,3.792245425481387322e+00
7.589546134351902174e-01,-1.870522693282405555e+02,-4.084030215347844717e+01,-8.170766028893788890e-01,4.721802651529803940e-01,-2.423643160926333417e-01,-2.251468775400672362e-01,1.804130579800184223e-02,-4.909793471009990640e+01,-1.252986766905270777e+01,1.045544580188681349e+00,1.330936416232894048e-01,3.789772848323201160e+00
7.593126772202750674e-01,-1.880343661389863144e+02,-4.109093301387216712e+01,-8.124077250697391284e-01,4.545162475344391995e-01,-2.639011281033545875e-01,-2.525169587836074703e-01,1.776577090871666112e-02,-4.911171145456416554e+01,-1.253320381051239885e+01,1.044943216286088772e+00,2.325763420254276792e-01,3.784348151472477717e+00
7.596652719938898901e-01,-1.890167364003055752e+02,-4.134162973084423243e+01,-8.062344728321353404e-01,4.364244458876286870e-01,-2.858031948822957191e-01,-2.789913209101490543e-01,1.749439444530855037e-02,-4.912528027773456785e+01,-1.253645368843679719e+01,1.044019765089670537e+00,3.316794738634610273e-01,3.775993732250689128e+00
7.600124803149601593e-01,-1.899993759842520546e+02,-4.159239060064664528e+01,-7.985553987021987155e-01,4.179705910310275163e-01,-3.080145222648043024e-01,-3.045272632336130658e-01,1.722711558521287240e-02,-4.913864422073935145e+01,-1.253961944670297335e+01,1.042781468589669913e+00,4.302437295150035590e-01,3.764743931526129295e+00
7.603543835341315393e-01,-1.909822808232934790e+02,-4.184321396190875930e+01,-7.893734592201488987e-01,3.992204884437707268e-01,-3.304772303322622284e-01,-3.290855168079288573e-01,1.696387432166266904e-02,-4.915180628391686213e+01,-1.254270317933930734e+01,1.041238025682453605e+00,5.281132065677546228e-01,3.750644699925623105e+00
7.606910618100042321e-01,-1.919654469094998319e+02,-4.209409819465049196e+01,-7.786959976571242725e-01,3.802396882180165694e-01,-3.531318278958927581e-01,-3.526303476996081043e-01,1.670461145549863302e-02,-4.916476942722506749e+01,-1.254570693154171401e+01,1.039401506404570741e+00,6.251363514714669556e-01,3.733753155438165550e+00
7.610225941252027893e-01,-1.929488702937399012e+02,-4.234504171931571648e+01,-7.665346980029819068e-01,3.610931623073458940e-01,-3.759174952215126320e-01,-3.751296339086062637e-01,1.644926858695818991e-02,-4.917753657065208728e+01,-1.254863270067548342e+01,1.037286246652848076e+00,7.211668449960657590e-01,3.714137040300102388e+00
7.613490583022820557e-01,-1.939325470848859538e+02,-4.259604299582554177e+01,-7.529055113760745321e-01,3.418449922397293617e-01,-3.987723720260572535e-01,-3.965549156272235587e-01,1.619778810744831876e-02,-4.919011059462758340e+01,-1.255148243726264035e+01,1.034908725245303529e+00,8.160644187614578549e-01,3.691874086689432399e+00
7.616705310194679113e-01,-1.949164734490266540e+02,-4.284710052265120339e+01,-7.378285563733096852e-01,3.225580702489226348e-01,-4.216338477976959154e-01,-4.168814189256413449e-01,1.595011319130645866e-02,-4.920249434043467573e+01,-1.255425804595473060e+01,1.032287425444877060e+00,9.096955936289403688e-01,3.667051302130004853e+00
7.619870878262336999e-01,-1.959006456086883645e+02,-4.309821283590625995e+01,-7.213279952033586628e-01,3.032938165138248654e-01,-4.444388515670437689e-01,-4.360880533392813008e-01,1.570618778755382763e-02,-4.921469061062230566e+01,-1.255696138649095772e+01,1.029442683277697279e+00,1.001934332427871999e+00,3.639764186584506067e+00
7.622988031587111246e-01,-1.968850598420644928e+02,-4.334937850845781071e+01,-7.034318877209296828e-01,2.841119148894815649e-01,-4.671241383831518656e-01,-4.541573841983759796e-01,1.546595661164523565e-02,-4.922670216941773447e+01,-1.255959427464161315e+01,1.026396525126155534e+00,1.092662601280230072e+00,3.610115893979378487e+00
7.626057503549368288e-01,-1.978697124822532203e+02,-4.360059614905641467e+01,-6.841720257010834860e-01,2.650700691750450533e-01,-4.896265699190894827e-01,-4.710755808758376739e-01,1.522936513721939202e-02,-4.923853174313902770e+01,-1.256215848313677697e+01,1.023172497163059358e+00,1.181770835624607718e+00,3.578216351348058044e+00
7.629080016699331113e-01,-1.988545999165034175e+02,-4.385186440148445541e+01,-6.635837498570855697e-01,2.462237816026697779e-01,-5.118833868414557342e-01,-4.868323424288912293e-01,1.499635958785352878e-02,-4.925018202060731909e+01,-1.256465574258026230e+01,1.019795489217394380e+00,1.269158308876115138e+00,3.544181348905381057e+00
7.632056282906245492e-01,-1.998397185854688303e+02,-4.410318194372265310e+01,-6.417057522125417801e-01,2.276261548567154736e-01,-5.338324708187622836e-01,-5.014208023676308690e-01,1.476688692882603508e-02,-4.926165565355869091e+01,-1.256708774234881076e+01,1.016291555627609755e+00,1.354733403438905803e+00,3.508131614190399983e+00
7.634987003505899761e-01,-2.008250649824705647e+02,-4.435454748713435436e+01,-6.185798664896168253e-01,2.093277185542483376e-01,-5.554125943075917116e-01,-5.148374144958741683e-01,1.454089485889064302e-02,-4.927295525705545742e+01,-1.256945613147653162e+01,1.012687735549498091e+00,1.438413785468212414e+00,3.470191882961020546e+00
7.637872869446493684e-01,-2.018106356527675871e+02,-4.460595977566743642e+01,-5.942508491726414821e-01,1.913762807446387493e-01,-5.765636565349051557e-01,-5.270818219342064959e-01,1.431833180206558594e-02,-4.928408340989670933e+01,-1.257176251952464163e+01,1.009011875048773765e+00,1.520126486319987924e+00,3.430489978823239916e+00
7.640714561432875307e-01,-2.027964271928356652e+02,-4.485741758507340649e+01,-5.687661538543998807e-01,1.738168046262145994e-01,-5.972269043821821777e-01,-5.381567115512765342e-01,1.409914689944099207e-02,-4.929504265502794169e+01,-1.257400847743652150e+01,1.005292453130593344e+00,1.599807894997260505e+00,3.389155912667386250e+00
7.643512750069136885e-01,-2.037824362496543529e+02,-4.510891972214346879e+01,-5.421757013759996857e-01,1.566913103385914330e-01,-6.173451371649641972e-01,-5.480676560979961254e-01,1.388329000100764661e-02,-4.930583549994960890e+01,-1.257619553837815118e+01,1.001558413647446466e+00,1.677403667080024752e+00,3.346321011904445974e+00
7.646268095999579906e-01,-2.047686595200021316e+02,-4.536046502396127522e+01,-5.145316481364269334e-01,1.400388013764335970e-01,-6.368628945832346400e-01,-5.568229463623871611e-01,1.367071165751014387e-02,-4.931646441712448592e+01,-1.257832519856398967e+01,9.978390047913670013e-01,1.752868556595085003e+00,3.302117088289930447e+00
7.648981250048052516e-01,-2.057550937497597658e+02,-4.561205235717201845e+01,-4.858881547811966795e-01,1.238952148887143279e-01,-6.557266273880794083e-01,-5.644334156435700800e-01,1.346136311232728859e-02,-4.932693184438362977e+01,-1.258039891806836863e+01,9.941636276245789938e-01,1.826166178036953802e+00,3.256675651833360163e+00
7.651652853355667139e-01,-2.067417357332217023e+02,-4.586368061726764012e+01,-4.563011572876951027e-01,1.082933948804445379e-01,-6.738848505633298069e-01,-5.709122587858567188e-01,1.325519629338249225e-02,-4.933724018533087019e+01,-1.258241812162249040e+01,9.905616948424711410e-01,1.897268706291325158e+00,3.210127176959356010e+00
7.654283537516904934e-01,-2.077285823124155115e+02,-4.611534872788779893e+01,-4.258281422546582595e-01,9.326308712346642604e-02,-6.912882790534662369e-01,-5.762748479227913778e-01,1.305216380508680482e-02,-4.934739180974565187e+01,-1.258438419939712105e+01,9.870625007015930708e-01,1.966156522546010921e+00,3.162600425749530597e+00
7.656873924714109325e-01,-2.087156303764294876e+02,-4.636705564013638536e+01,-3.945279279812992645e-01,7.883095441019348504e-02,-7.078899462780210428e-01,-5.805385469614132710e-01,1.285221892031705726e-02,-4.935738905398414289e+01,-1.258629850777107961e+01,9.836951027898130917e-01,2.032817814413359070e+00,3.114221831786905259e+00
7.659424627850379697e-01,-2.097028768607481481e+02,-4.661880033191324912e+01,-3.624604526940288785e-01,6.502061064895993392e-02,-7.236453058560943230e-01,-5.837225266943296687e-01,1.265531557243152264e-02,-4.936723422137841766e+01,-1.258816237008564265e+01,9.804882160715550077e-01,2.097248138450247268e+00,3.065114946875672874e+00
7.661936250680871918e-01,-2.106903187465956933e+02,-4.687058180726086221e+01,-3.296865710510964442e-01,5.185267220080300860e-02,-7.385123171213436866e-01,-5.858475822667511546e-01,1.246140834732533016e-02,-4.937692958263372844e+01,-1.258997707738497063e+01,9.774701194128208037e-01,2.159449953067237526e+00,3.015399951742829820e+00
7.664409387942516805e-01,-2.116779530602874786e+02,-4.712239909572568308e+01,-2.962678598327251889e-01,3.934482479311841169e-02,-7.524515151376971467e-01,-5.869359545526413591e-01,1.227045247552781271e-02,-4.938647737622360268e+01,-1.259174388914269294e+01,9.746685745821360713e-01,2.219432129489943062e+00,2.965193230763169208e+00
