Frame,x_cord,y_cord,Size
0,-35.67505441381458,-19.211318385822242,0.01
0,19.051325414180646,-18.40409895099058,0.01
0,-13.322872933008389,18.70185607509477,0.01
0,17.359512192978553,40.83411867312903,0.01
0,42.39248055845215,-15.488353931592009,0.01
1,-28.213883559387355,0.3446431089032318,0.0005981263890862466
1,-26.638767856896575,-4.162013547503892,0.0005981263890862466
1,-30.08621721564924,28.610661951135626,0.0005981263890862466
1,-14.622883028885276,-21.166485856507595,0.009981662034988403
1,41.62361878404291,-21.710693997848903,0.009981662034988403
1,9.527826742992264,18.128762009726902,0.009981662034988403
1,40.26891816664348,37.6183780913193,0.009981662034988403
1,65.07467627574512,-19.749071785673035,0.009981662034988403
2,-11.39665353273562,-5.377523122178699,0.0011908522993326189
2,-8.407007700504057,-5.17339358724549,0.0011908522993326189
2,-10.261745558968359,17.785270457301966,0.0011908522993326189
2,7.958678129025872,-27.09364149345641,0.009927362203598022
2,63.6075782464165,-30.800903144434567,0.009927362203598022
2,34.39350954650122,13.609795958118308,0.009927362203598022
2,62.0806081801139,25.83024365390256,0.009927362203598022
2,85.12856765399785,-30.63429815958443,0.009927362203598022
2,81.2025769088132,41.11702000888254,0.00017129367217421753
2,2.581544560350381,41.49866168225904,0.00017129367217421753
2,62.0070111795626,41.29514711188945,0.00017129367217421753
3,12.831777229476176,-15.344398008246548,0.001775726824998856
3,15.568107819217266,-15.511235526323125,0.001775726824998856
3,8.943914128317786,12.548056473894336,0.001775726824998856
3,29.06847756841123,-39.72577661466249,0.009838324189186096
3,83.74844272601793,-38.37974788681996,0.009838324189186096
3,59.846711902249204,0.04165398894966299,0.009838324189186096
3,85.46993671323048,14.272734802773149,0.009838324189186096
3,109.61279838716197,-37.87232152838647,0.009838324189186096
3,101.83321438061898,30.50811665110777,0.0002327365614473842
3,27.504667067264286,29.561221501512023,0.0002327365614473842
3,80.29462025447627,29.053032335195226,0.0002327365614473842
4,27.690782476698164,-26.61846855469509,0.002350345999002457
4,39.778141902340465,-26.160763754274257,0.002350345999002457
4,31.515640350133623,-2.347989654186353,0.002350345999002457
4,54.87588352591315,-51.113571316597316,0.009715954065322876
4,110.72448930283251,-56.45999067685689,0.009715954065322876
4,85.16811076472548,-15.623902999340283,0.009715954065322876
4,103.56118324778973,4.864231774578746,0.009715954065322876
4,129.75791351657537,-54.57585392568551,0.009715954065322876
4,123.8189738194324,14.869435650552862,0.0002758704312145732
4,49.96134017297027,21.84188629107582,0.0002758704312145732
4,102.1132913951855,18.588037830405703,0.0002758704312145732
5,54.42872478405025,-41.53046821841917,0.002912362515926361
5,59.206394078548406,-43.33637651805573,0.002912362515926361
5,52.28261547054569,-16.998646347863108,0.002912362515926361
5,78.15816236077917,-69.9452413076209,0.009561828970909118
5,134.20039939833566,-74.96191643276197,0.009561828970909118
5,106.45614939028108,-29.169756429826514,0.009561828970909118
5,133.15389300483625,-16.603295457933164,0.009561828970909118
5,154.23577907074502,-72.31520596869886,0.009561828970909118
5,135.0500834292722,-2.305911518769178,0.0002992741949856304
5,76.52935553333282,6.682460797310306,0.0002992741949856304
5,119.1919389263941,1.878324434290228,0.0002992741949856304
6,76.08802161640197,-61.903919277945114,0.0034594976902008064
6,82.75598955495356,-64.61875849895733,0.0034594976902008064
6,73.64659472688498,-37.977660816388216,0.0034594976902008064
6,101.1384593172154,-93.9638762084525,0.009377678632736206
6,149.4960062518809,-91.26016129814259,0.009377678632736206
6,129.1482858925134,-52.59808122805495,0.009377678632736206
6,155.598170907209,-40.80191685374768,0.009377678632736206
6,172.424630374851,-96.65083100041947,0.009377678632736206
6,152.76538461735734,-24.47418737732755,0.0003017080761492274
6,96.41596872849243,-19.76419588102946,0.0003017080761492274
6,140.28745879188764,-23.68020522164802,0.0003017080761492274
7,91.68563934434127,-91.96899328010011,0.003989547193050385
7,107.07427515231073,-90.16491143526976,0.003989547193050385
7,92.48231489644706,-62.871701388735694,0.003989547193050385
7,125.13169369077498,-114.70225748186299,0.009165365099906921
7,172.9071968321559,-121.80541760961962,0.009165365099906921
7,149.58256263001434,-82.05825299115531,0.009165365099906921
7,181.28354788346658,-69.51772709697055,0.009165365099906921
7,192.93522702983415,-126.16427454184792,0.009165365099906921
7,171.93904682165098,-47.10839868779199,0.00028212316334247806
7,125.81725879408143,-43.0527665293183,0.00028212316334247806
7,160.55024901713338,-47.590284453919686,0.00028212316334247806
8,117.51104412319796,-115.85859127887518,0.004500393569469453
8,127.90249200879867,-124.82525374175609,0.004500393569469453
8,114.75456143811587,-89.66357365968767,0.004500393569469453
8,142.47820038420107,-143.24885638554434,0.008926870226860046
8,194.55406307081873,-155.6560738763127,0.008926870226860046
8,176.47977291149653,-108.65255260203728,0.008926870226860046
8,203.85128912827787,-94.52662709930502,0.008926870226860046
8,215.05426927072543,-153.74645035226817,0.008926870226860046
8,189.25611037563445,-81.36134344677957,0.0002396690845489524
8,150.16335183998558,-74.3076105377235,0.0002396690845489524
8,179.7950645821693,-74.0598034195823,0.0002396690845489524
9,135.30324785650245,-147.59277584469976,0.004990011751651764
9,152.97117534845972,-150.77920317675586,0.004990011751651764
9,139.47667995037966,-123.90819568915975,0.004990011751651764
9,167.80610059135026,-176.3301828780828,0.008664272427558899
9,211.79092692614114,-189.1766258459368,0.008664272427558899
9,196.08722159967712,-144.76469729475295,0.008664272427558899
9,227.00309383446134,-130.47927156310345,0.008664272427558899
9,235.6930914754883,-190.57848695977484,0.008664272427558899
9,205.23904737582885,-113.58772677061503,0.00017369950190186716
9,173.54633709043895,-107.60206346902237,0.00017369950190186716
9,202.37308228194095,-109.62595300456134,0.00017369950190186716
10,157.8846519850846,-184.51005428958393,0.0054564779996871945
10,172.54538215727004,-188.1514363317561,0.0054564779996871945
10,157.40364611847355,-157.64249155949042,0.0054564779996871945
10,187.20029386459808,-212.14415669869837,0.008379727602005005
10,237.04525118711794,-223.5543073900005,0.008379727602005005
10,218.58252344071158,-181.38224959337774,0.008379727602005005
10,250.27027017005466,-167.5350282943256,0.008379727602005005
10,254.3805992235579,-228.7440023557495,0.008379727602005005
11,176.90460998508516,-222.18754408875483,0.0058979767560958865
11,196.41111986356398,-228.73365578299104,0.0058979767560958865
11,182.74127905205327,-196.26852506611814,0.0058979767560958865
11,211.60494673246828,-253.14812253752154,0.008075453639030457
11,261.431970057911,-266.9397404645946,0.008075453639030457
11,241.83789719668914,-223.5849115221092,0.008075453639030457
11,268.2022322830929,-215.51406924794873,0.008075453639030457
11,272.0873706484905,-268.5761390787317,0.008075453639030457
12,202.61076577369292,-267.8599699078734,0.006312806606292726
12,220.23545053874668,-270.4788538275276,0.006312806606292726
12,204.94289996209528,-241.33649730531684,0.006312806606292726
12,233.72660579762444,-296.5835116403329,0.007753710746765137
12,278.52318673653815,-315.8789034420447,0.007753710746765137
12,212.66031585685104,-322.4824066489422,0.00016864471137523443
12,158.91676403133232,-306.84646062632476,0.00016864471137523443
12,263.27513976660066,-268.1605834638612,0.007753710746765137
12,291.5622181289078,-257.52889512130486,0.007753710746765137
12,291.56930891297617,-315.33838863172997,0.007753710746765137
12,274.17758958933337,-346.72824764708986,0.00016864471137523443
12,229.41055288667906,-329.62853834425067,0.00016864471137523443
13,222.5838543859015,-314.44531105067466,0.006699386835098268
13,244.55305403365725,-321.4672121248194,0.006699386835098268
13,227.02395201335997,-289.99289024477605,0.006699386835098268
13,257.5757763819739,-346.5070443018382,0.0074167829751968384
13,294.5483115150944,-363.68451719961774,0.0074167829751968384
13,233.90159461310796,-372.5490614138277,0.00033097658306360035
13,176.63534416595135,-350.7270896908936,0.00033097658306360035
13,287.5914390415372,-317.1271833932247,0.0074167829751968384
13,316.06826762312676,-307.1020084456328,0.0074167829751968384
13,314.4772011476122,-367.6725751432774,0.0074167829751968384
13,290.2158596030162,-395.4760290394446,0.00033097658306360035
13,241.97244808050877,-381.95991189539353,0.00033097658306360035
14,246.17184927092623,-365.0284635026374,0.007056260704994203
14,260.6348154759234,-370.7949607845783,0.007056260704994203
14,247.13097210810167,-339.16379685108876,0.007056260704994203
14,279.44042998121716,-403.128668298941,0.007066962122917175
14,313.9827166217425,-416.6171984693659,0.007066962122917175
14,255.91761756145377,-423.4754591877747,0.0005169394984841327
14,196.17676537282426,-401.0313830768855,0.0005169394984841327
14,306.8327192657503,-370.144029805738,0.007066962122917175
14,334.4937442439591,-362.0040376461049,0.007066962122917175
14,329.1336338644109,-418.6657071042795,0.007066962122917175
14,309.2000025023083,-449.93773860679653,0.0005169394984841327
14,257.06913111649527,-429.4987448929566,0.0005169394984841327
15,266.29669852312634,-419.2590406113698,0.007382103204727174
15,284.99484527417457,-428.2125630072981,0.007382103204727174
15,269.53140947807645,-391.8171816080775,0.007382103204727174
15,301.2249636806866,-456.18193365070806,0.006706531047821044
15,332.8104538815345,-473.32031840432126,0.006706531047821044
15,279.42918489840235,-478.8364379832339,0.0007259480655193309
15,213.54087250425144,-455.1371695713286,0.0007259480655193309
15,330.4083303555098,-424.8802702531242,0.006706531047821044
15,352.1968124253471,-416.2491203705992,0.006706531047821044
15,349.9718383195951,-478.210426507645,0.006706531047821044
15,328.20577801193923,-503.780164092405,0.0007259480655193309
15,272.1955820495647,-487.56248753580235,0.0007259480655193309
16,291.9763724033333,-478.1451116130523,0.007675721049308778
16,307.40134692909004,-491.0516792023019,0.007675721049308778
16,295.47817458496496,-451.4188397237695,0.007675721049308778
16,322.5423706623761,-517.3089553180997,0.006337746381759643
16,354.3078059596598,-535.0218194318886,0.006337746381759643
16,299.98264174184726,-540.5768908317186,0.0009572269022464733
16,236.3549993620023,-510.1063530182298,0.0009572269022464733
16,353.851036841231,-486.8718662801509,0.006337746381759643
16,372.94182148442343,-482.93447840035356,0.006337746381759643
16,366.01901908599217,-539.8702061829898,0.006337746381759643
16,342.50679837900327,-566.8797514163024,0.0009572269022464733
16,287.6232960319437,-544.1098577796738,0.0009572269022464733
17,311.91278138364464,-540.324156561168,0.007936059832572938
17,331.51647424723745,-547.6306562731569,0.007936059832572938
17,313.8717364644138,-515.6443413388515,0.007936059832572938
17,341.6063962247697,-577.2850519848819,0.005962826013565062
17,373.58358794502675,-597.8842452669172,0.005962826013565062
17,321.5128402181,-599.1169378105634,0.001209818571805952
17,257.1136378959779,-572.4071586620056,0.001209818571805952
17,379.89035133046167,-555.4517688391719,0.005962826013565062
17,397.3660887914519,-545.0517348617385,0.005962826013565062
17,386.79323923072593,-603.4515429020264,0.005962826013565062
17,355.8062779559684,-634.7131678881536,0.001209818571805952
17,299.3947570440983,-601.6617068845857,0.001209818571805952
18,332.180339622732,-610.5961728265687,0.008162203431129457
18,353.15579530556244,-614.0925474782091,0.008162203431129457
18,336.52711138292574,-581.1024551423916,0.008162203431129457
18,368.84566233132085,-644.0372329449301,0.005583937168121337
18,392.34752155561995,-662.007172613248,0.005583937168121337
18,345.59116646640496,-668.1113822391824,0.0014825938642024975
18,275.8425401718092,-636.4387250710683,0.0014825938642024975
18,400.6451011065503,-623.5402871200675,0.005583937168121337
18,415.9818705383288,-617.4294352988469,0.005583937168121337
18,401.786113374882,-670.6748796125877,0.005583937168121337
18,373.7711531971893,-701.3535930596499,0.0014825938642024975
18,314.28842369627813,-669.6124765791594,0.0014825938642024975
19,353.18629026658255,-677.3798387894303,0.00835337817668915
19,376.91796262189774,-689.2793064381337,0.00835337817668915
19,357.1318905214912,-651.9714996688898,0.00835337817668915
19,387.6796706631749,-715.5182566822967,0.005203178524971007
19,406.49581629282955,-740.543547118556,0.005203178524971007
19,366.37461695150165,-737.2625072468326,0.0017742617428302746
19,296.97372426366405,-706.2600383931772,0.0017742617428302746
19,413.90234068075534,-694.7492086097035,0.005203178524971007
19,433.05890016599193,-685.896533842935,0.005203178524971007
19,414.36611757817644,-743.4681066341399,0.005203178524971007
19,392.01794577781493,-766.4734235926975,0.0017742617428302746
19,331.02542276501663,-742.3563315843322,0.0017742617428302746
20,377.63088035478904,-748.445510804176,0.008508952856063843
20,399.451303618778,-757.6905276047698,0.008508952856063843
20,380.2098272807198,-726.5053443524469,0.008508952856063843
20,405.6165646267475,-790.851543107065,0.004822575747966766
20,427.1873566777971,-814.8020046525149,0.004822575747966766
20,389.21526332428846,-812.436535939724,0.0020833811163902265
20,317.1025312720547,-778.7137853988412,0.0020833811163902265
20,436.18178907165776,-766.9134938592424,0.004822575747966766
20,452.6489097796116,-762.4036905463716,0.004822575747966766
20,433.5604609482778,-820.713117960224,0.004822575747966766
20,406.1165707007618,-847.2097948549346,0.0020833811163902265
20,343.2959878308805,-814.2925817484909,0.0020833811163902265
21,400.2393234600002,-823.9839067763111,0.008628443479537964
21,421.05216111884016,-838.514861707496,0.008628443479537964
21,402.975357921738,-800.3906365048518,0.008628443479537964
21,432.6636288698959,-868.5931616711442,0.004444064497947692
21,444.6019074154565,-895.8125225390935,0.004444064497947692
21,406.27504880361096,-890.4141973871814,0.002408373504877089
21,334.8710941055635,-847.7846330300563,0.002408373504877089
21,459.51139043537046,-846.6236708174479,0.004444064497947692
21,477.2143843330049,-844.8278378684103,0.004444064497947692
21,452.607431520836,-901.3948204672173,0.004444064497947692
21,422.5610604210944,-922.1458045009773,0.002408373504877089
21,360.00543167874764,-887.0737517899996,0.002408373504877089
22,417.30652862460346,-905.048864982513,0.008711504936218263
22,446.4687816405695,-922.9753377510073,0.008711504936218263
22,424.51510436288,-887.3752198025829,0.008711504936218263
22,452.19334968840485,-947.7545564246083,0.004069488644599914
22,464.56317725100354,-972.5395996645977,0.004069488644599914
22,428.9181367872024,-968.9949653819967,0.0027475357055664045
22,356.29405163031834,-927.1796390865444,0.0027475357055664045
22,476.62503803399335,-929.8429999011864,0.004069488644599914
22,493.7826468297251,-927.2510735799486,0.004069488644599914
22,467.00179700981516,-985.7092238381207,0.004069488644599914
22,434.8258867830707,-1002.8167683988421,0.0027475357055664045
22,373.84589832343255,-966.2511254536697,0.0027475357055664045
23,439.1855772705047,-993.2897238274676,0.008757940530776978
23,465.7600650438134,-1002.4693847062169,0.008757940530776978
23,448.66311116872834,-969.1819818554686,0.008757940530776978
23,471.24232200485585,-1035.1370020615457,0.0037005865573883044
23,478.7482845883416,-1059.4548574975918,0.0037005865573883044
23,446.3177010597929,-1047.819881719427,0.003099053800106047
23,373.75003879662717,-1009.6921877488277,0.003099053800106047
23,494.8090705513128,-1016.7535774503306,0.0037005865573883044
23,507.3995700655943,-1019.6798586666871,0.0037005865573883044
23,485.77637029512766,-1071.9051791877876,0.0037005865573883044
23,457.0486352860919,-1091.011725593274,0.003099053800106047
23,389.12101238486804,-1052.477529198506,0.003099053800106047
24,457.7142675265552,-1077.9994044361588,0.008767697215080262
24,491.03110465676866,-1091.2312212307043,0.008767697215080262
24,466.3155521547497,-1056.5803146112157,0.008767697215080262
24,493.2571607255042,-1126.5884892461165,0.0033389890193939197
24,494.6209166418081,-1152.2188425143281,0.0033389890193939197
24,472.18105422203416,-1137.8150372090583,0.0034610155224800094
24,401.1907640685108,-1096.3694847538595,0.0034610155224800094
24,517.4421618750793,-1105.5264925727627,0.0033389890193939197
24,530.4539411414795,-1110.138481694992,0.0033389890193939197
24,501.5898037391738,-1158.4617418171588,0.0033389890193939197
24,471.8120868080539,-1179.2579508982392,0.0034610155224800094
24,404.55590393121736,-1140.83265697414,0.0034610155224800094
25,484.6604848382034,-1167.8545646466775,0.008740864396095277
25,513.1790963597145,-1186.7995395491298,0.008740864396095277
25,492.61881779201906,-1148.439322150868,0.008740864396095277
25,513.6838482814501,-1215.0436135890359,0.0029862117767333976
25,510.509342937584,-1241.2540474357502,0.0029862117767333976
25,490.96801431006793,-1228.0733893931842,0.003831427693367003
25,416.47943223515216,-1189.4633393965946,0.003831427693367003
25,539.08076239815,-1202.2623006772783,0.0029862117767333976
25,548.5374790256852,-1201.240375450123,0.0029862117767333976
25,515.5007707186281,-1253.4332153018456,0.0029862117767333976
25,481.66976024882104,-1269.0466638634405,0.003831427693367003
25,421.99844310684875,-1226.3139583158631,0.003831427693367003
26,508.02968567254965,-1263.2736332426637,0.008677669167518618
26,524.5881559726123,-1281.0142979697084,0.008677669167518618
26,511.51903919669985,-1242.422684763355,0.008677669167518618
26,533.1903476669443,-1309.551628700935,0.0026436519622802723
26,529.7934450315615,-1339.7670680065655,0.0026436519622802723
26,511.5301118735578,-1324.3432532862007,0.004208226501941679
26,436.1093410467625,-1277.1562537023833,0.004208226501941679
26,557.4226021951839,-1297.8134310528637,0.0026436519622802723
26,561.638728531113,-1295.5804250115395,0.0026436519622802723
26,532.2996751687743,-1346.02494295342,0.0026436519622802723
26,497.68677629074125,-1365.110568416613,0.004208226501941679
26,434.93611043421924,-1323.9063174103467,0.004208226501941679
27,523.16321704796,-1360.545146755467,0.008578479290008547
27,549.3126676145655,-1380.258480556381,0.008578479290008547
27,533.8009056883218,-1339.9871782259324,0.008578479290008547
27,549.7361105111783,-1408.3081908718402,0.002312585413455962
27,547.3916934403729,-1436.2318533011196,0.002312585413455962
27,533.5819147579023,-1420.8260235550208,0.004589295387268065
27,459.93064120796436,-1372.4398917608655,0.004589295387268065
27,574.7920271785102,-1394.3900604178548,0.002312585413455962
27,584.1017855126236,-1396.9420892528365,0.002312585413455962
27,546.8352591068165,-1450.2184542381551,0.002312585413455962
27,514.3802609327614,-1465.3654457590821,0.004589295387268065
27,450.8818635026216,-1421.9762891033179,0.004589295387268065
28,550.6297894480157,-1463.592717053597,0.008443800806999208
28,573.61572743872,-1477.5709321429358,0.008443800806999208
28,555.321795485084,-1439.1626708154668,0.008443800806999208
28,575.1013126348494,-1511.7128162537872,0.0019941647350788104
28,566.2425574442967,-1539.1867569276562,0.0019941647350788104
28,553.8476485668721,-1521.4967396469194,0.004972476959228514
28,479.22916911043086,-1469.6590523846849,0.004972476959228514
28,593.3246832151249,-1499.513047262324,0.0019941647350788104
28,601.5812469844885,-1503.1249566222152,0.0019941647350788104
28,565.1910477838409,-1549.8419967971852,0.0019941647350788104
28,531.7315916120845,-1560.5244641264644,0.004972476959228514
28,468.8486593548201,-1515.3420127214863,0.004972476959228514
29,572.982350888552,-1563.97061489702,0.008274269700050355
29,592.1238520819559,-1587.046087249933,0.008274269700050355
29,577.5812850603884,-1549.0016536387893,0.008274269700050355
29,594.4427880124825,-1615.8624308795797,0.0016894176602363573
29,579.572654776138,-1648.410485777786,0.0016894176602363573
29,572.3194991326399,-1627.2822176781497,0.0053555887937545765
29,502.8194725898291,-1575.117377889718,0.0053555887937545765
29,613.663099531256,-1603.404121825718,0.0016894176602363573
29,618.7337922133316,-1610.2880369487232,0.0016894176602363573
29,576.4197189604329,-1656.550509823534,0.0016894176602363573
29,542.6082702853506,-1667.7181854512125,0.0053555887937545765
29,484.3818732839805,-1624.1326309917222,0.0053555887937545765
30,590.0931100080685,-1676.9339178875957,0.008070650696754457
30,612.3189490664743,-1693.922416165635,0.008070650696754457
30,593.6032527321453,-1654.876538321422,0.008070650696754457
30,614.9928711253019,-1724.1329538042921,0.0013992483913898455
30,598.513566263277,-1754.8545432716203,0.0013992483913898455
30,593.1851064158171,-1737.6446504620305,0.005736436247825621
30,523.589902354472,-1678.517371750766,0.005736436247825621
30,627.7940680730943,-1715.5791883088968,0.0013992483913898455
30,631.8996849345481,-1717.425226443117,0.0013992483913898455
30,591.1270938797279,-1764.1181861717077,0.0013992483913898455
30,558.4956184305719,-1774.8043608001235,0.005736436247825621
30,496.75915966683243,-1726.2886261658016,0.005736436247825621
31,608.4715571878367,-1789.308094274058,0.007833836674690248
31,635.988756432126,-1805.5899543079788,0.007833836674690248
31,615.5891573794842,-1766.5173061701137,0.007833836674690248
31,634.0553802726105,-1840.4231117504091,0.0011244372278451907
31,611.400746251133,-1866.178880880874,0.0011244372278451907
31,615.8389294351128,-1849.1357922708678,0.006112825870513915
31,544.217891978461,-1789.200208123775,0.006112825870513915
31,646.41802005013,-1828.5334899914885,0.0011244372278451907
31,646.7616189483387,-1832.0842936169574,0.0011244372278451907
31,607.3076572875627,-1875.4964737529572,0.0011244372278451907
31,581.2002741380405,-1884.7786001008506,0.006112825870513915
31,517.9034036280154,-1834.2098869946858,0.006112825870513915
32,634.0081013730661,-1902.3313471623853,0.007564840316772462
32,651.6234080577648,-1924.6228697940735,0.007564840316772462
32,638.8890534451263,-1883.23474928831,0.007564840316772462
32,655.6466274290583,-1948.7216227740148,0.0008656430989503845
32,629.9167448850731,-1984.0514990912347,0.0008656430989503845
32,634.4052766477683,-1958.6653343026821,0.006482580304145812
32,569.0944970002811,-1897.7334827854786,0.006482580304145812
32,661.7709030305082,-1945.386188237183,0.0008656430989503845
32,665.9389571177204,-1945.0953722779666,0.0008656430989503845
32,623.4563988618977,-1991.9345087820923,0.0008656430989503845
32,590.458396178846,-2001.8753822548028,0.006482580304145812
32,533.904419961357,-1946.1419665910287,0.006482580304145812
33,650.0414074986131,-2012.1158733078873,0.007264791131019593
33,673.54665944736,-2039.906749453935,0.007264791131019593
33,659.5883634519378,-1998.2082681904135,0.007264791131019593
33,675.4060283370927,-2067.9134384718113,0.0006234056502580627
33,642.8107966415009,-2097.0583351796417,0.0006234056502580627
33,654.0543590519101,-2077.463355049232,0.006843549609184264
33,592.3360902578198,-2010.787059432698,0.006843549609184264
33,681.0263360645185,-2062.582444588715,0.0006234056502580627
33,674.690773796809,-2071.555678134085,0.0006234056502580627
33,636.8122620951057,-2107.931298876665,0.0006234056502580627
33,609.8724975880255,-2117.781498481241,0.006843549609184264
33,549.313211799763,-2061.2528474195974,0.006843549609184264
34,670.6308285704921,-2140.562749045313,0.0069349300861358655
34,693.4333550819191,-2159.31034036738,0.0069349300861358655
34,679.8963360986094,-2119.5555481069337,0.0069349300861358655
34,689.9911103909543,-2188.6121731071216,0.0003981483727693542
34,663.0760153662212,-2218.454010884143,0.0003981483727693542
34,675.5704169319938,-2194.252605418878,0.0071936237812042225
34,615.0158909611627,-2134.4903182717126,0.0071936237812042225
34,696.7859208442336,-2183.6897416829256,0.0003981483727693542
34,688.3179745554578,-2196.2944781023225,0.0003981483727693542
34,652.8474645554295,-2228.715343171898,0.0003981483727693542
34,621.3593886053441,-2237.6282358426274,0.0071936237812042225
34,567.421160233191,-2178.989771299363,0.0071936237812042225
35,690.5973420250818,-2268.4186717614234,0.00657660484313965
35,712.9290433567968,-2285.262406079471,0.00657660484313965
35,697.1923174762094,-2244.5215535202287,0.00657660484313965
35,707.9649881583078,-2312.847054213264,0.00019018271937966185
35,674.5462150337428,-2345.332188358099,0.00019018271937966185
35,693.0339203370625,-2319.320231188808,0.007530743479728698
35,635.4473413174601,-2250.787956188703,0.007530743479728698
35,712.0381394569557,-2309.6753174261794,0.00019018271937966185
35,707.6719328011856,-2319.1516629754888,0.00019018271937966185
35,666.824822541757,-2355.822814214844,0.00019018271937966185
35,636.676516614878,-2359.004272803853,0.007530743479728698
35,586.8189595931522,-2298.8339102961745,0.007530743479728698
36,711.6498390144785,-2387.2322217098836,0.00619126319885254
36,729.7247200733137,-2409.745967616877,0.00619126319885254
36,717.979915667768,-2373.866847375306,0.00619126319885254
36,713.4948125259369,-2448.2093695230183,0.007852914333343505
36,656.8626390137226,-2378.3278028343902,0.007852914333343505
36,652.0501386453544,-2485.771372764323,0.007852914333343505
36,602.7744998960325,-2423.72851903247,0.007852914333343505
37,728.0063761020847,-2517.480567841807,0.005780448317527772
37,746.1824177404054,-2542.5652200485133,0.005780448317527772
37,733.7862373376976,-2499.705472829194,0.005780448317527772
37,732.3206849073567,-2574.7096603283044,0.008158212304115295
37,678.6178692826962,-2506.5472015435025,0.008158212304115295
37,669.0339744049691,-2613.516420598414,0.008158212304115295
37,616.6514692639436,-2550.7513995341847,0.008158212304115295
37,676.0168057944859,-2497.400424526867,0.00017316378653049644
37,665.9802942583793,-2505.14576393989,0.00017316378653049644
37,639.2354537672693,-2524.824253756612,0.00017316378653049644
37,655.069600057605,-2512.2485584959677,0.00017316378653049644
38,747.8733815705189,-2649.4236419398444,0.005345792174339296
38,763.6468122390726,-2674.8278062289432,0.005345792174339296
38,752.9497167135067,-2634.580233863315,0.005345792174339296
38,749.7659616110394,-2710.3115572387546,0.008444798588752746
38,699.617734144157,-2635.572236405763,0.008444798588752746
38,683.17427950446,-2742.957496344986,0.008444798588752746
38,635.9417235276982,-2680.004135310316,0.008444798588752746
38,697.3238027729656,-2628.796898085302,0.00032844249159097845
38,689.4800734243812,-2633.8873772173456,0.00032844249159097845
38,660.7883948281228,-2657.854907964643,0.00032844249159097845
38,677.3966446250486,-2643.118635554877,0.00032844249159097845
39,765.7275393644306,-2786.411903494838,0.004889007806777955
39,787.3348026227546,-2815.7037734914234,0.004889007806777955
39,770.453460358166,-2771.651018005905,0.004889007806777955
39,771.0188905054242,-2842.2101018617936,0.008710926771163939
39,719.2915910452552,-2766.284313886483,0.008710926771163939
39,698.0358318791112,-2878.1944559432586,0.008710926771163939
39,654.3680140086162,-2814.5278901787583,0.008710926771163939
39,710.8218633270868,-2762.6269627743936,0.00046621475368738356
39,709.4816458477809,-2767.8133249695716,0.00046621475368738356
39,677.0226111629146,-2791.280951327043,0.00046621475368738356
39,691.968809949183,-2780.9144451510488,0.00046621475368738356
40,783.6603166374526,-2926.988805210381,0.004411884844303132
40,801.9607111156886,-2949.8139008168246,0.004411884844303132
40,790.3976306515104,-2911.201047103739,0.004411884844303132
40,788.66886173474,-2979.279740974,0.008954948186874388
40,740.6245974354106,-2904.4331977957017,0.008954948186874388
40,716.5672441143295,-3010.740091217209,0.008954948186874388
40,672.1751297318036,-2946.300558257549,0.008954948186874388
40,727.0857231457196,-2900.59782999333,0.0005866577848792095
40,726.1630688153319,-2907.1964141325097,0.0005866577848792095
40,699.4754002926127,-2923.908222573157,0.0005866577848792095
40,710.1476840544211,-2912.3260465107255,0.0005866577848792095
41,804.846850451632,-3066.088528104567,0.003916281163692475
41,821.4274154557612,-3091.052654339368,0.003916281163692475
41,806.133737298174,-3048.539696377803,0.003916281163692475
41,811.9852147436701,-3119.624797151361,0.009175325036048888
41,760.5412990665278,-3044.9999939117415,0.009175325036048888
41,735.1001042067902,-3151.840842562378,0.009175325036048888
41,688.8945685747121,-3088.922834603723,0.009175325036048888
41,747.2253620363778,-3040.130727135969,0.0006900295615196246
41,740.947870674179,-3045.003488872431,0.0006900295615196246
41,716.4251790334724,-3065.5449238523092,0.0006900295615196246
41,730.8322234733546,-3054.824328800838,0.0006900295615196246
42,823.6050866878155,-3211.3195499891694,0.0034041163325309767
42,835.0588423911355,-3234.7436772743335,0.0034041163325309767
42,825.7486433284536,-3196.302569948365,0.0034041163325309767
42,827.1477461498533,-3262.381383306342,0.00937063455581665
42,782.1936165056779,-3186.600221285215,0.00937063455581665
42,748.2224254068467,-3297.0554172660372,0.00937063455581665
42,708.8883508465913,-3229.4554981899187,0.00937063455581665
42,761.674224909838,-3183.9805973280995,0.000776662454009058
42,763.9507775220308,-3185.633784834366,0.000776662454009058
42,733.9923061777762,-3209.2725956818845,0.000776662454009058
42,745.4223509648525,-3196.6327330833087,0.000776662454009058
43,839.7179112458269,-3357.779332411949,0.002877364158630372
43,853.1909670088127,-3383.818740553138,0.002877364158630372
43,839.1638373327436,-3341.612176521398,0.002877364158630372
43,851.6085902548675,-3412.6052293573634,0.00953957200050354
43,804.7374901097697,-3331.6882465632716,0.00953957200050354
43,763.7534382800335,-3441.6550488303005,0.00953957200050354
43,724.7512800029419,-3370.688643150175,0.00953957200050354
43,778.0996824046211,-3330.3646723906627,0.0008469574153423329
43,785.54501482273,-3329.9728174080064,0.0008469574153423329
43,750.3977264418413,-3354.3864000718686,0.0008469574153423329
43,764.7380777745942,-3340.8121418586,0.0008469574153423329
44,855.2493104003945,-3503.742295853126,0.002338045686483384
44,869.3512794603295,-3528.4102620697186,0.002338045686483384
44,854.3009014896277,-3492.496482397734,0.002338045686483384
44,866.2320636829163,-3555.4352278574775,0.00968096375465393
44,825.5443717373076,-3479.1789647507303,0.00968096375465393
44,779.9493549363101,-3590.298630225661,0.00968096375465393
44,744.3877913375885,-3513.525182957387,0.00968096375465393
44,792.8653475155375,-3476.0355891708173,0.0009013766050338765
44,806.8528183299296,-3475.1686899723272,0.0009013766050338765
44,766.8096871439785,-3494.85116838535,0.0009013766050338765
44,785.8680726502041,-3489.7273467440164,0.0009013766050338765
45,872.7376582966218,-3655.4785770922417,0.0017882210016250618
45,888.7227291784092,-3686.4514363523817,0.0017882210016250618
45,871.8524363572192,-3648.6988493853773,0.0017882210016250618
45,884.8956065303717,-3706.131534638196,0.009793765544891357
45,841.9515059654211,-3625.493203208943,0.009793765544891357
45,798.3039715257305,-3736.4247992151463,0.009793765544891357
45,763.2823831726604,-3664.629105450989,0.009793765544891357
45,810.9304416945764,-3628.088421298304,0.0009404380619525929
45,821.9862823002147,-3629.235044328947,0.0009404380619525929
45,789.4735469146084,-3651.3631504794985,0.0009404380619525929
45,798.3030891951796,-3640.2518393081386,0.0009404380619525929
46,888.7566798115474,-3813.6459930582914,0.0012299825251102456
46,902.1388816943606,-3838.700615591265,0.0012299825251102456
46,888.9922292909105,-3799.997284895182,0.0012299825251102456
46,903.4406434855299,-3861.869899263963,0.009877068400382995
46,859.2353848777425,-3778.1341257891,0.009877068400382995
46,812.8979924038302,-3885.4661417950038,0.009877068400382995
46,780.7582974078615,-3818.2602404157874,0.009877068400382995
46,829.2024688549242,-3781.360635181202,0.0009647085517644903
46,841.4089042377566,-3776.242114444955,0.0009647085517644903
46,804.957973608079,-3797.509712689867,0.0009647085517644903
46,816.8983240042678,-3791.69022828681,0.0009647085517644903
47,905.2884736995427,-3971.40984102458,0.0006654469668865212
47,917.5021094556716,-3997.835556551709,0.0006654469668865212
47,900.6361891491592,-3960.1855042102175,0.0006654469668865212
47,918.6995209632582,-4022.4702444604754,0.009930103421211242
47,887.05223191302,-3936.769088964157,0.009930103421211242
47,827.633423814109,-4041.769177642048,0.009930103421211242
47,800.5360010133606,-3966.875785230075,0.009930103421211242
47,841.3513360302625,-3937.666227748843,0.0009747974574565908
47,860.2250178951947,-3938.0465491829336,0.0009747974574565908
47,822.2865434644216,-3951.04413619764,0.0009747974574565908
47,832.4716998065434,-3950.2458677119494,0.0009747974574565908
48,933.2847102453953,-4182.178035334533,0.009952242374420167
48,899.4857753576031,-4092.6998814469744,0.009952242374420167
48,849.6332527626828,-4200.339742821092,0.009952242374420167
48,820.4161790219147,-4128.729922869227,0.009952242374420167
48,857.3111236276857,-4094.9519763926464,0.0009713507443666479
48,878.3210153393684,-4097.071080410249,0.0009713507443666479
48,841.4693141983811,-4109.717518811021,0.0009713507443666479
48,853.6414528610425,-4103.963652418679,0.0009713507443666479
49,950.083070059846,-4341.288006956425,0.009942998886108398
49,919.7343293570138,-4252.057352272059,0.009942998886108398
49,837.0059772106653,-4305.185530726102,0.0004739746823906891
49,855.8013359654594,-4359.106038034748,0.0004739746823906891
49,862.1385528457174,-4359.786673355034,0.009942998886108398
49,834.9722870863575,-4283.774123302351,0.009942998886108398
49,843.6481100364146,-4324.655852068386,0.0004739746823906891
49,829.3589188785255,-4287.385142094003,0.0004739746823906891
49,870.9533063298406,-4259.8870787223705,0.0009550444781780264
49,893.9906948099377,-4258.043290730208,0.0009550444781780264
49,856.6602221645837,-4267.034581423828,0.0009550444781780264
49,871.3064223127968,-4259.262933356584,0.0009550444781780264
50,969.332047004123,-4503.013465934605,0.00990203619003296
50,942.0253035368564,-4414.604641397569,0.00990203619003296
50,856.2217303612834,-4465.284640822545,0.001044575944542884
50,873.9516352749368,-4524.187966013357,0.001044575944542884
50,878.9725662165707,-4519.655007121244,0.00990203619003296
50,853.9329446208687,-4444.35691850391,0.00990203619003296
50,855.7204700475537,-4489.1166344293615,0.001044575944542884
50,847.4072127345801,-4449.4516509940195,0.001044575944542884
50,887.0964686814281,-4420.368033018082,0.0009265790134668371
50,912.802094591769,-4418.754368111892,0.0009265790134668371
50,875.5855355657652,-4433.640094618814,0.0009265790134668371
50,884.8570069418862,-4425.672918662832,0.0009265790134668371
51,984.2804873958869,-4668.827037862237,0.009829155206680299
51,957.4720643868958,-4578.919331253322,0.009829155206680299
51,868.0326422840337,-4628.7554068562795,0.0016129200160503383
51,886.5298678884484,-4690.534153973708,0.0016129200160503383
51,898.4158151322463,-4678.969696593641,0.009829155206680299
51,875.7633285605114,-4605.621346160438,0.009829155206680299
51,874.9893569228749,-4652.139294180985,0.0016129200160503383
51,863.7001168552174,-4613.870722735243,0.0016129200160503383
51,904.0481078454752,-4585.9297015093725,0.0008866732567548773
51,924.7871344857132,-4581.61499061083,0.0008866732567548773
51,891.4796518642798,-4593.963041751376,0.0008866732567548773
51,904.7769805907325,-4591.24146996902,0.0008866732567548773
52,1002.301669662271,-4836.700637810481,0.009724308848381043
52,977.0240055666007,-4752.54532801334,0.009724308848381043
52,890.6875033719095,-4793.664217934945,0.002176885306835174
52,901.4690091243973,-4856.112219095094,0.002176885306835174
52,917.0157871177294,-4852.680849922608,0.009724308848381043
52,895.8843589655212,-4772.3875553335965,0.009724308848381043
52,887.1325238936436,-4820.806378163915,0.002176885306835174
52,882.5073514066715,-4777.873911532699,0.002176885306835174
52,917.2908715167285,-4752.888611564124,0.0008360592275857946
52,948.4205013523813,-4754.248676892032,0.0008360592275857946
52,908.8932498325992,-4762.147609602485,0.0008360592275857946
52,921.7085326979033,-4758.357413381364,0.0008360592275857946
53,1018.0513451300943,-5005.012725070995,0.009587587714195251
53,998.5820417444804,-4918.906769811942,0.009587587714195251
53,906.1180969751192,-4961.60842724972,0.002734371423721313
53,917.1655452539785,-5027.62363372113,0.002734371423721313
53,931.7694772778336,-5019.736526986834,0.009587587714195251
53,914.1781697598019,-4941.362164848065,0.009587587714195251
53,902.9594729577832,-4987.647283478299,0.002734371423721313
53,901.8594188555289,-4949.201706041729,0.002734371423721313
53,930.2279007800897,-4930.422127927526,0.000775476172566416
53,963.1493931523506,-4918.439591407288,0.000775476172566416
53,926.2017360961945,-4929.6562180257615,0.000775476172566416
53,937.4943361750707,-4921.260363072819,0.000775476172566416
54,1034.042897167252,-5178.102517094757,0.009419231414794922
54,1011.5127689680222,-5089.2337708606965,0.009419231414794922
54,920.6745306546817,-5131.142227151502,0.0032833084464073178
54,930.6894262645948,-5197.121602327875,0.0032833084464073178
54,949.2774063309294,-5190.671764801197,0.009419231414794922
54,934.7998807328261,-5110.953456267639,0.009419231414794922
54,914.8012276749774,-5157.841854927959,0.0032833084464073178
54,914.4011471846892,-5119.141916612747,0.0032833084464073178
54,946.94980781131,-5097.5481688921045,0.0007056663930416129
54,977.1189611525629,-5091.02997690494,0.0007056663930416129
54,940.0032490391383,-5101.391038468929,0.0007056663930416129
54,952.9756680095023,-5098.788021185755,0.0007056663930416129
55,1047.5064199336668,-5352.251350512149,0.00921961545944214
55,1029.2696489218672,-5266.135937683662,0.00921961545944214
55,940.3136538428827,-5302.094548343165,0.003821662068367004
55,944.1875757576632,-5367.92811079526,0.003821662068367004
55,965.8296815528302,-5364.018487028898,0.00921961545944214
55,949.0686565118477,-5280.985772364964,0.00921961545944214
55,928.8474029644559,-5328.091085007577,0.003821662068367004
55,930.7533384315484,-5289.489719993703,0.003821662068367004
55,957.2840950042805,-5271.345417825527,0.00062736935913563
55,994.0273799365204,-5264.9497047802,0.00062736935913563
55,959.9250443820466,-5274.192238277928,0.00062736935913563
55,968.5321789628497,-5268.463767135599,0.00062736935913563
56,1062.601842029754,-5525.555127723642,0.008989254832267762
56,1044.551410315117,-5439.530678597843,0.008989254832267762
56,956.8766646210373,-5481.650831714274,0.004347443282604217
56,959.1707079576058,-5538.834136005326,0.004347443282604217
56,983.0952616448175,-5536.261624241419,0.008989254832267762
56,967.0717186499437,-5457.655999452025,0.008989254832267762
56,944.4817615693995,-5509.225650777319,0.004347443282604217
56,953.2145286994659,-5464.561617913682,0.004347443282604217
56,973.2612170672246,-5447.288424880333,0.0005413179844617865
56,1015.6554909553197,-5438.932009770013,0.0005413179844617865
56,977.1430728909937,-5446.936066109276,0.0005413179844617865
56,983.4515817431229,-5445.434776667835,0.0005413179844617865
57,1078.8976027568174,-5706.342642199968,0.008728801608085632
57,1060.7462176105294,-5622.845345153882,0.008728801608085632
57,973.4430962499758,-5652.279460136544,0.004858714342117309
57,974.9252208345528,-5718.6238552313525,0.004858714342117309
57,998.6495331329987,-5715.9565155925975,0.008728801608085632
57,984.1353773220511,-5636.381676602503,0.008728801608085632
57,959.3841817544321,-5682.215637966889,0.004858714342117309
57,967.8436146190263,-5642.267768457837,0.004858714342117309
57,986.8297211344222,-5625.0094255385575,0.00044823415577411875
57,1026.0732800811352,-5617.595004078642,0.00044823415577411875
57,991.6464520902932,-5627.761582842467,0.00044823415577411875
57,998.9657509462279,-5625.713047997156,0.00044823415577411875
58,1092.1235541438991,-5886.818691044865,0.008439037203788758
58,1079.5040169751544,-5798.242411502931,0.008439037203788758
58,990.4751277717704,-5834.21587926532,0.005353594422340393
58,987.0948339695636,-5898.22042458659,0.005353594422340393
58,1018.6093870633198,-5890.681031026288,0.008439037203788758
58,1002.2870991293187,-5807.5905396073185,0.008439037203788758
58,970.1418932253537,-5858.983766798715,0.005353594422340393
58,982.6379031103517,-5821.427755344711,0.005353594422340393
58,999.5527406689208,-5805.775965999414,0.0003488244861364387
58,1041.5024389420523,-5800.815122812093,0.0003488244861364387
58,1011.8728821076357,-5803.0367434136315,0.0003488244861364387
58,1016.9411447331083,-5803.663397176376,0.0003488244861364387
59,1108.8172764570531,-6071.383678316537,0.00812087118625641
59,1094.5288963956984,-5983.828392442972,0.00812087118625641
59,1005.9488980431379,-6014.772941983841,0.005830268263816833
59,1003.7904021846759,-6075.972508425447,0.005830268263816833
59,1031.748253067648,-6071.262082134261,0.00812087118625641
59,1022.2059818114809,-5992.498485023738,0.00812087118625641
59,985.1239785571719,-6044.322532693247,0.005830268263816833
59,999.7521249300794,-6001.59688584743,0.005830268263816833
59,1018.0473184068139,-5987.379694169334,0.00024377699941396933
59,1059.358413691525,-5979.066510760017,0.00024377699941396933
59,1028.491306915277,-5985.8084795448885,0.00024377699941396933
59,1030.199715966642,-5983.332599920568,0.00024377699941396933
60,1120.2276000853547,-6254.630851468211,0.007775334715843201
60,1113.4736735552135,-6167.095885551347,0.007775334715843201
60,1022.1585837642999,-6197.464084958124,0.0062869924306869504
60,1018.094565533215,-6262.817197698351,0.0062869924306869504
60,1049.2985075035392,-6256.432955820981,0.007775334715843201
60,1038.698795214061,-6174.920655041853,0.007775334715843201
60,998.6609523413206,-6221.267145978826,0.0062869924306869504
60,1012.904806375175,-6185.06030520086,0.0062869924306869504
60,1030.0532289219755,-6169.183380551496,0.00013375776819884996
60,1077.0387876946304,-6165.417441382802,0.00013375776819884996
60,1042.6463609187854,-6164.216817835927,0.00013375776819884996
60,1048.086532050684,-6167.795689379473,0.00013375776819884996
61,1134.8534583558906,-6441.46572454679,0.007403579354286194
61,1124.9468596879717,-6352.963566177031,0.007403579354286194
61,1041.595592123995,-6381.0566388553025,0.006722100377082825
61,1030.7157683017172,-6444.272627442216,0.006722100377082825
61,1063.8734377532394,-6438.721500244745,0.007403579354286194
61,1055.35580663452,-6356.724837653062,0.007403579354286194
61,1013.4849023722934,-6410.073278036385,0.006722100377082825
61,1033.470907406866,-6364.245229696917,0.006722100377082825
62,1147.6170065948088,-6631.212877953113,0.007006866931915283
62,1138.4795506830728,-6537.164304337913,0.007006866931915283
62,1057.7843080020725,-6567.1654051952155,0.007134009003639221
62,1045.6798405204447,-6630.877774512115,0.007134009003639221
62,1083.048782430714,-6621.8413612547665,0.007006866931915283
62,1078.2310908698719,-6545.413222803229,0.007006866931915283
62,1027.9158872242494,-6593.674780156488,0.007134009003639221
62,1047.8118088454103,-6552.867781144731,0.007134009003639221
63,1133.6850727487135,-6824.335768328371,0.00021986152976751107
63,1094.0427483459453,-6829.012864739796,0.00021986152976751107
63,1160.8846105117332,-6819.905879338169,0.006586565971374512
63,1154.5675886805293,-6726.584176487585,0.006586565971374512
63,1073.5046921180704,-6754.089285311698,0.007521224021911621
63,1061.7717440294284,-6821.515345964694,0.007521224021911621
63,1083.9051945284064,-6828.648948744695,0.00021986152976751107
63,1056.7191489907195,-6834.414154030981,0.00021986152976751107
63,1079.1109467422066,-6826.801717796023,0.00021986152976751107
63,1097.6502783513824,-6812.873749750508,0.006586565971374512
63,1092.8102713677995,-6732.757708068867,0.006586565971374512
63,1045.378660403535,-6781.850644869718,0.007521224021911621
63,1063.054219581198,-6741.174973036218,0.007521224021911621
64,1147.229444656009,-7015.810629898784,0.00034364640712737817
64,1107.828136038973,-7021.86653549148,0.00034364640712737817
64,1173.421627707462,-7011.540529515327,0.0061441451311111455
64,1164.6146552076,-6921.900095057627,0.0061441451311111455
64,1086.0436463043752,-6943.654613613716,0.007882346510887147
64,1075.3416249755699,-7013.950308713064,0.007882346510887147
64,1093.696643205188,-7024.339973455521,0.00034364640712737817
64,1064.3532838553751,-7024.944272805467,0.00034364640712737817
64,1094.3308407525328,-7021.737121667489,0.00034364640712737817
64,1115.3022087718364,-6998.888391403089,0.0061441451311111455
64,1108.585906140287,-6922.987786123331,0.0061441451311111455
64,1058.6355855906475,-6971.442864918256,0.007882346510887147
64,1079.2684536733218,-6932.040615140802,0.007882346510887147
65,1154.3865323002294,-7212.409640310819,0.0004694971069693543
65,1122.4304350774596,-7210.596039698721,0.0004694971069693543
65,1185.299403668051,-7205.476830080634,0.005681167244911194
65,1179.8439247827826,-7116.652842727423,0.005681167244911194
65,1107.586992225481,-7139.295213922437,0.008216075897216797
65,1090.9569303295973,-7203.581312050392,0.008216075897216797
65,1110.2333500428422,-7214.598326427855,0.0004694971069693543
65,1078.976836021434,-7215.037142340836,0.0004694971069693543
65,1109.0064276881542,-7210.743935170935,0.0004694971069693543
65,1133.7430439665993,-7193.270839698677,0.005681167244911194
65,1132.4337135117557,-7112.081010295226,0.005681167244911194
65,1074.6005993713197,-7164.4030498017155,0.008216075897216797
65,1096.0691808882546,-7119.296082180901,0.008216075897216797
66,1163.6295955816986,-7407.6155381840645,0.0005969315767288185
66,1137.3222679771468,-7405.199867035878,0.0005969315767288185
66,1193.4784064108883,-7398.012317983305,0.005199282765388489
66,1193.3047396405707,-7311.797022107465,0.005199282765388489
66,1119.6576891837474,-7329.543509562447,0.00852121651172638
66,1108.2797977408634,-7394.770082522011,0.00852121651172638
66,1121.8861765759716,-7407.623977318685,0.0005969315767288185
66,1089.8344115025534,-7409.445093145262,0.0005969315767288185
66,1120.601732249072,-7409.916386240773,0.0005969315767288185
66,1148.8142870165188,-7389.520296162976,0.005199282765388489
66,1143.4730921825849,-7308.742288420081,0.005199282765388489
66,1090.0488229092603,-7352.2822088311295,0.00852121651172638
66,1111.3838012550832,-7312.836759222797,0.00852121651172638
67,1175.685268895314,-7601.404052943164,0.0007255041599273659
67,1149.149932336867,-7598.308296686251,0.0007255041599273659
67,1207.6114653949116,-7598.100384698331,0.004700219631195069
67,1202.4538804228287,-7510.4613702947,0.004700219631195069
67,1139.234322824443,-7528.574374343766,0.008796679973602296
67,1120.0468690753269,-7586.399291694007,0.008796679973602296
67,1127.3749114913617,-7606.045285883154,0.0007255041599273659
67,1099.8921586887068,-7604.442763615037,0.0007255041599273659
67,1138.6158504995956,-7601.806547400212,0.0007255041599273659
67,1162.8757494083823,-7582.539185778915,0.004700219631195069
67,1160.7765350921463,-7499.616266513255,0.004700219631195069
67,1102.097509290355,-7545.597473401928,0.008796679973602296
67,1126.6733490051208,-7506.793751505139,0.008796679973602296
68,1183.481222875593,-7799.679701675555,0.0008548062294721581
68,1163.1211657900294,-7799.624831779977,0.0008548062294721581
68,1218.951588007295,-7797.261562011509,0.004185780882835388
68,1214.162548298455,-7708.96399191085,0.004185780882835388
68,1156.9524559992901,-7716.819881040429,0.009041489958763122
68,1132.255744394734,-7787.426656861053,0.009041489958763122
68,1137.7101275687735,-7801.9699425457475,0.0008548062294721581
68,1111.777618807688,-7803.216135665502,0.0008548062294721581
68,1152.456200783878,-7794.215594325056,0.0008548062294721581
68,1177.5810647270866,-7778.509893807662,0.004185780882835388
68,1177.2120982584215,-7697.708947965591,0.004185780882835388
68,1117.3196273715753,-7746.924883347165,0.009041489958763122
68,1144.183873996834,-7704.848065430992,0.009041489958763122
69,1200.180485189788,-7999.304222525329,0.0009844668209552743
69,1177.981863861282,-7997.085367883724,0.0009844668209552743
69,1226.3946636269886,-7993.732839683936,0.0036578315496444704
69,1228.391164903713,-7904.620964758151,0.0036578315496444704
69,1168.8207088011302,-7918.441747126578,0.009254788160324098
69,1150.5054889779165,-7983.487167597923,0.009254788160324098
69,1152.4277026245534,-8000.267097842703,0.0009844668209552743
69,1124.98566913361,-7998.682586165861,0.0009844668209552743
69,1166.5065406054102,-7992.967613594767,0.0009844668209552743
69,1194.3882859227936,-7974.9213777886225,0.0036578315496444704
69,1193.4516737357458,-7900.127044944737,0.0036578315496444704
69,1133.9981542999626,-7941.785701295701,0.009254788160324098
69,1161.2283187929065,-7901.414700945952,0.009254788160324098
70,1208.7196096458204,-8203.558517913292,0.0011141529679298378
70,1186.0278756062714,-8194.448036293441,0.0011141529679298378
70,1240.0083248411856,-8197.605691909896,0.003118295967578888
70,1237.3969405748378,-8107.635265794277,0.003118295967578888
70,1185.226599434049,-8119.225722869967,0.009435830116271972
70,1166.1349934871605,-8182.367847299498,0.009435830116271972
70,1163.7695127103411,-8199.859347044508,0.0011141529679298378
70,1136.1473306873888,-8196.836329630078,0.0011141529679298378
70,1178.917592983114,-8192.32268729005,0.0011141529679298378
70,1209.7846506667788,-8177.103260983469,0.003118295967578888
70,1209.6459439716332,-8093.69838122964,0.003118295967578888
70,1150.2061814708177,-8145.103846554587,0.009435830116271972
70,1178.3064181143543,-8104.613583723639,0.009435830116271972
71,1216.8052523560702,-8400.75849255766,0.001243569180369375
71,1201.4348070820631,-8396.88165584145,0.001243569180369375
71,1249.4663738290553,-8397.18817351451,0.002569146454334259
71,1250.1971094299001,-8310.801182330975,0.002569146454334259
71,1202.593868326708,-8320.873013284705,0.009583998322486877
71,1177.146702834355,-8386.424549629894,0.009583998322486877
71,1172.8974527485982,-8400.029787853035,0.001243569180369375
71,1148.273211062946,-8402.03154926352,0.001243569180369375
71,1192.9167721229903,-8395.844662843718,0.001243569180369375
71,1226.1353832634832,-8379.430182071845,0.002569146454334259
71,1223.208002218098,-8299.108946218612,0.002569146454334259
71,1162.925093642948,-8342.009222145913,0.009583998322486877
71,1191.5793207746444,-8302.88580058894,0.009583998322486877
72,1224.7605295484902,-8607.434800378205,0.0013724575936794258
72,1215.4817128094253,-8597.846862565028,0.0013724575936794258
72,1259.4567773007948,-8599.882343110305,0.002012396603822708
72,1258.15054025432,-8515.926358758945,0.002012396603822708
72,1213.623063891905,-8522.665922689754,0.009698795080184936
72,1193.6441334438698,-8586.842827519093,0.009698795080184936
72,1183.840760079772,-8605.880903872445,0.0013724575936794258
72,1157.871745723892,-8605.52819774494,0.0013724575936794258
72,1208.1897015059499,-8597.464439644798,0.0013724575936794258
72,1238.6414271588121,-8580.391710295227,0.002012396603822708
72,1238.4001839260302,-8508.093162472092,0.002012396603822708
72,1177.8286837557603,-8551.226387044451,0.009698795080184936
72,1205.7567667883811,-8505.854293501327,0.009698795080184936
73,1237.4260601218223,-8814.930801849874,0.001500597447156904
73,1225.327870232766,-8806.76174357878,0.001500597447156904
73,1267.6623894635486,-8809.131947218435,0.0014500930905342103
73,1269.7772516673529,-8721.759117132362,0.0014500930905342103
73,1231.9193442247665,-8728.196151162794,0.009779848456382752
73,1205.276394023931,-8789.236466986831,0.009779848456382752
73,1190.8212215702483,-8810.503529107746,0.001500597447156904
73,1171.4056140196976,-8806.029923506841,0.001500597447156904
73,1222.8411344541348,-8801.359164348118,0.001500597447156904
73,1253.4044066820911,-8786.9735031423,0.0014500930905342103
73,1254.8333688506086,-8706.894468287917,0.0014500930905342103
73,1190.7471632327922,-8749.411457354712,0.009779848456382752
73,1220.1705507666563,-8710.428375378393,0.009779848456382752
74,1243.778270752364,-9021.351571089297,0.0016278032958507516
74,1243.8997020539548,-9010.541494036168,0.0016278032958507516
74,1275.3341979667414,-9015.982472181906,0.0008843068033456803
74,1279.022097683636,-8928.177425572374,0.0008843068033456803
74,1244.128243856026,-8933.444250332197,0.009826915264129639
74,1222.8308463367996,-8993.917472155461,0.009826915264129639
74,1200.7838571668879,-9015.885091405378,0.0016278032958507516
74,1185.3203654774575,-9007.164181918559,0.0016278032958507516
74,1236.5690107763826,-9012.510623294096,0.0016278032958507516
74,1268.9762409976152,-8990.928184607772,0.0008843068033456803
74,1272.3132262247286,-8913.131244505708,0.0008843068033456803
74,1203.6125595951132,-8958.069913130403,0.009826915264129639
74,1237.109848671123,-8918.74117619879,0.009826915264129639
75,1256.0303026637189,-9226.487535592183,0.0017539252340793587
75,1255.3647111227447,-9221.384619307195,0.0017539252340793587
75,1286.0492545709842,-9222.694885314304,0.0003171256929636001
75,1290.5583177799929,-9136.402100664973,0.0003171256929636001
75,1258.8214134684745,-9138.3917106292,0.009839876890182495
75,1237.2103996166466,-9203.039811599483,0.009839876890182495
75,1211.766261233808,-9222.91623808681,0.0017539252340793587
75,1194.7975022154492,-9217.686585642528,0.0017539252340793587
75,1250.2819683505556,-9216.828631611825,0.0017539252340793587
75,1285.7508608913208,-9196.258277945593,0.0003171256929636001
75,1285.8011361450847,-9119.719964363438,0.0003171256929636001
75,1213.4811142443152,-9161.094386062556,0.009839876890182495
75,1250.1649621822348,-9122.98768687848,0.009839876890182495
76,1260.5050070077668,-9435.221553414567,0.0018788467347621897
76,1265.8218224436253,-9424.613805652589,0.0018788467347621897
76,1276.152100949529,-9347.284059895559,0.009818745255470275
76,1251.7388252564306,-9406.53717704299,0.009818745255470275
76,1222.6454176749733,-9430.894330684983,0.0018788467347621897
76,1204.050861466547,-9425.116286277593,0.0018788467347621897
76,1264.728604253053,-9423.91424269994,0.0018788467347621897
76,1197.4826283965356,-9325.595650050378,0.0002493545599281789
76,1193.1509633604205,-9432.098043463056,0.0002493545599281789
76,1197.0935188110257,-9356.302204121197,0.0002493545599281789
76,1234.561387194782,-9372.259495626158,0.009818745255470275
76,1264.1654073697077,-9333.534828918519,0.009818745255470275
77,1270.8813088687364,-9646.59929836394,0.002002483159303663
77,1275.4979693728633,-9635.83858837965,0.002002483159303663
77,1287.0123309181947,-9558.618980854922,0.009763658046722412
77,1263.4580734239619,-9618.804306615515,0.009763658046722412
77,1235.2224474577088,-9641.12120807578,0.002002483159303663
77,1220.0807304300172,-9636.653341315981,0.002002483159303663
77,1277.5389144141532,-9629.47057343043,0.002002483159303663
77,1212.1022180359464,-9535.804121148783,0.0008130382001399995
77,1195.9432532473613,-9638.410180846051,0.0008130382001399995
77,1210.3328782025123,-9569.331787039166,0.0008130382001399995
77,1246.564473819318,-9581.01287815805,0.009763658046722412
77,1277.7634463508111,-9542.65268100548,0.009763658046722412
78,1275.185461782134,-9857.246348539797,0.002124780565500257
78,1288.1709322886093,-9844.80894699392,0.002124780565500257
78,1300.4136883592598,-9768.490055889708,0.00967488408088684
78,1277.3420852005634,-9828.964297132768,0.00967488408088684
78,1239.9609825335986,-9850.087504576297,0.002124780565500257
78,1228.383855052923,-9843.316277702967,0.002124780565500257
78,1291.5222828251215,-9841.67647125705,0.002124780565500257
78,1221.9177697860239,-9743.359193353592,0.0013718377053737643
78,1208.0774609725074,-9852.300398755144,0.0013718377053737643
78,1223.3460960023954,-9777.794928907233,0.0013718377053737643
78,1258.81681378987,-9789.815985223908,0.00967488408088684
78,1291.8822290112196,-9752.78174300259,0.00967488408088684
79,1287.6448968308478,-10072.732991537843,0.0022457133233547187
79,1298.7426081543374,-10056.241981605352,0.0022457133233547187
79,1314.325532683109,-9981.449847176775,0.009552812576293946
79,1293.1051858229673,-10038.190512970148,0.009552812576293946
79,1251.9856275622801,-10060.46960767926,0.0022457133233547187
79,1243.5774483075777,-10058.83632266249,0.0022457133233547187
79,1303.5703291658037,-10052.39536142432,0.0022457133233547187
79,1241.2916919287745,-9954.006167904286,0.0019236819446086886
79,1219.0602148467756,-10061.67370224191,0.0019236819446086886
79,1236.2959426062841,-9988.80680512836,0.0019236819446086886
79,1279.1983971350876,-9998.690306932765,0.009552812576293946
79,1305.3234452994802,-9964.460365373416,0.009552812576293946
80,1293.904326965624,-10286.578969279,0.0023652821779251076
80,1310.2930716714734,-10271.130545910466,0.0023652821779251076
80,1327.5725118857358,-10194.58385487614,0.009397962689399719
80,1309.180941811352,-10254.233592663482,0.009397962689399719
80,1263.055553160839,-10273.343770606129,0.0023652821779251076
80,1256.396167806534,-10265.273623991652,0.0023652821779251076
80,1312.6960394152934,-10262.458156274288,0.0023652821779251076
80,1255.8657537521694,-10166.070055079535,0.0024665242433547976
80,1226.1097621656452,-10274.40745291808,0.0024665242433547976
80,1245.962340149255,-10201.344057148046,0.0024665242433547976
80,1287.2154645122341,-10212.267311298672,0.009397962689399719
80,1318.7218980497057,-10176.722776052758,0.009397962689399719
81,1305.036644616122,-10496.221720921527,0.002483512163162229
81,1326.543538005338,-10484.535506828384,0.002483512163162229
81,1341.6032785667167,-10407.007078665332,0.009210975766181946
81,1320.357628814144,-10467.648375466975,0.009210975766181946
81,1279.656787658237,-10488.620539712338,0.002483512163162229
81,1268.8756946957271,-10478.821798027073,0.002483512163162229
81,1325.1742576208292,-10480.438647241692,0.002483512163162229
81,1269.2007801840527,-10380.144904466628,0.00299834966659546
81,1237.2787387579083,-10482.411308353707,0.00299834966659546
81,1263.663878348991,-10409.963281630038,0.00299834966659546
81,1301.9489566082852,-10426.356051442057,0.009210975766181946
81,1329.5080789904116,-10394.213789016912,0.009210975766181946
82,1312.2013061785983,-10718.262583756712,0.0026004502177238444
82,1333.5817307246227,-10701.667764590442,0.0026004502177238444
82,1349.9349769716528,-10622.687067346222,0.008992612361907959
82,1331.544366321933,-10683.903574203248,0.008992612361907959
82,1285.464067912648,-10702.44507429918,0.0026004502177238444
82,1279.5660466684012,-10692.649677745463,0.0026004502177238444
82,1336.728852159309,-10698.320313863369,0.0026004502177238444
82,1281.2567716282492,-10595.684932768741,0.003517183959484101
82,1242.1493280792133,-10697.234493626851,0.003517183959484101
82,1274.4706260903713,-10627.322594703084,0.003517183959484101
82,1317.119035050504,-10643.255825560245,0.008992612361907959
82,1346.9552069825056,-10605.57786116454,0.008992612361907959
83,1320.4748443477013,-10931.563890126257,0.0027161622047424294
83,1342.0563940657962,-10919.987051677666,0.0027161622047424294
83,1366.3216247087223,-10842.841556505455,0.008743752837181092
83,1342.5246138138627,-10895.155067477925,0.008743752837181092
83,1292.8145483564656,-10917.77504463577,0.0027161622047424294
83,1291.517878195743,-10912.542730072037,0.0027161622047424294
83,1348.013724802506,-10913.60628604974,0.0027161622047424294
83,1299.4493503688925,-10812.110575716557,0.004021099507808686
83,1253.058496050389,-10915.1677470271,0.004021099507808686
83,1286.7806183278606,-10841.957833073418,0.004021099507808686
83,1329.3161167447652,-10862.54853387638,0.008743752837181092
83,1357.7065127554874,-10823.036634025739,0.008743752837181092
84,1327.1303379103629,-11148.981091691008,0.0028307315707206703
84,1353.119298515412,-11136.80957946566,0.0028307315707206703
84,1380.3630535874354,-11057.778319273291,0.008465392589569092
84,1357.2732221508206,-11116.371398842764,0.008465392589569092
84,1302.2046944869282,-11135.053484447506,0.0028307315707206703
84,1301.3838517569006,-11126.801303406992,0.0028307315707206703
84,1361.5910293686652,-11126.518747886057,0.0028307315707206703
84,1311.3180433695231,-11028.469748129804,0.004508223533630372
84,1259.4383668611774,-11132.985353001695,0.004508223533630372
84,1296.529035721325,-11061.124003913545,0.004508223533630372
84,1340.9255079506906,-11075.119810044574,0.008465392589569092
84,1372.8194420688753,-11045.626282628298,0.008465392589569092
85,1335.1685758277044,-11364.961626559445,0.0029442545771598792
85,1363.808132648544,-11354.957505138515,0.0029442545771598792
85,1393.2022202283906,-11275.697185660933,0.008158637285232544
85,1367.882323211198,-11337.096334254746,0.008158637285232544
85,1314.5704325469326,-11353.328941170937,0.0029442545771598792
85,1311.2048449815304,-11343.724212463729,0.0029442545771598792
85,1374.1829819347608,-11350.6103411421,0.0029442545771598792
85,1324.7568798783689,-11246.848520755695,0.004976746141910553
85,1268.807712210928,-11351.590826324009,0.004976746141910553
85,1308.9696362264997,-11281.890672965506,0.004976746141910553
85,1355.1845533731803,-11292.453134775556,0.008158637285232544
85,1378.5900264142297,-11263.545677072041,0.008158637285232544
86,1339.7055855557446,-11589.594405282738,0.003056840300559995
86,1377.045552517199,-11574.543178183818,0.003056840300559995
86,1401.1341932530045,-11498.627688415349,0.00782469928264618
86,1380.043062475932,-11552.11672532754,0.00782469928264618
86,1323.7529179848234,-11573.760728742653,0.003056840300559995
86,1322.1370995368773,-11564.414273129038,0.003056840300559995
86,1386.4222349384754,-11568.564470065901,0.003056840300559995
86,1338.7809453079421,-11465.447690545878,0.005424925088882446
86,1281.1724456380089,-11565.653309991649,0.005424925088882446
86,1322.0421676867825,-11496.715985419643,0.005424925088882446
86,1367.0460427797216,-11514.851956037386,0.00782469928264618
86,1393.453864282385,-11484.61886037154,0.00782469928264618
87,1348.7931695847087,-11809.910557959014,0.003168605566024778
87,1386.2174317793706,-11796.073080705082,0.003168605566024778
87,1412.0385435211444,-11718.803361747392,0.007464894652366639
87,1393.162357423703,-11771.272493951648,0.007464894652366639
87,1332.8172066262096,-11792.475233044177,0.003168605566024778
87,1338.019156983329,-11784.60830531057,0.003168605566024778
87,1394.7230008757347,-11791.756143139224,0.003168605566024778
87,1352.9089309802782,-11680.742414789307,0.005851093530654907
87,1287.4418320152085,-11789.657998015042,0.005851093530654907
87,1338.255812845335,-11715.720055577598,0.005851093530654907
87,1382.1625173860432,-11734.511058770147,0.007464894652366639
87,1401.991832284818,-11705.05999188234,0.007464894652366639
88,1356.34990186433,-12028.093509421378,0.003279672265052793
88,1396.537441443337,-12012.746077821192,0.003279672265052793
88,1422.1544428114576,-11939.755441568437,0.0070806372165679934
88,1401.9802515772533,-11994.882331198263,0.0070806372165679934
88,1344.063775080699,-12014.268910877801,0.003279672265052793
88,1350.830332246677,-11998.317053565033,0.003279672265052793
88,1406.402857700871,-12013.572709234682,0.003279672265052793
88,1362.3275226642302,-11902.24708074116,0.00625366508960724
88,1298.457253232634,-12008.046695015071,0.00625366508960724
88,1347.535299027841,-11937.022317144187,0.00625366508960724
88,1393.0918431567522,-11951.794134115733,0.0070806372165679934
88,1412.8969423491528,-11926.139859533572,0.0070806372165679934
89,1360.3308135534235,-12253.270589686668,0.0033901664614677408
89,1402.8319958458815,-12239.409372431559,0.0033901664614677408
89,1432.1750405433818,-12162.756074609926,0.006673434376716614
89,1414.3191810424805,-12219.553118581445,0.006673434376716614
89,1352.9750991035662,-12235.156621980008,0.0033901664614677408
89,1358.7691342376659,-12224.934870861798,0.0033901664614677408
89,1418.502467035937,-12235.31949694074,0.0033901664614677408
89,1375.1180574531172,-12124.577062230444,0.0066311419010162366
89,1310.6965562070197,-12228.976632623282,0.0066311419010162366
89,1363.6956682287118,-12158.283940650397,0.0066311419010162366
89,1405.794395057304,-12175.491566903089,0.006673434376716614
89,1426.2454400050253,-12150.817687216067,0.006673434376716614
90,1367.070883594113,-12471.677035218192,0.003500213027000425
90,1408.6841599547827,-12461.506185613416,0.003500213027000425
90,1441.9482127574877,-12390.77814455061,0.006244878768920899
90,1424.7444807012582,-12442.92247832786,0.006244878768920899
90,1364.2868095612873,-12456.109440927157,0.003500213027000425
90,1373.641056579148,-12446.086472315365,0.003500213027000425
90,1426.2908661288568,-12459.36561082741,0.003500213027000425
90,1389.5205942813918,-12349.697814964351,0.0069821196794509904
90,1319.9185231274582,-12448.55653322524,0.0069821196794509904
90,1375.3557322498852,-12383.70638482976,0.0069821196794509904
90,1415.0438315258548,-12396.611116572642,0.006244878768920899
90,1437.2506076660195,-12375.405405335467,0.006244878768920899
91,1374.3599157369238,-12698.864767792586,0.0036099341511726356
91,1422.7025981877148,-12686.540786005642,0.0036099341511726356
91,1454.305418773503,-12613.476950322625,0.005796647071838379
91,1438.0550339747833,-12667.419543840751,0.005796647071838379
91,1372.8881196633765,-12678.169672991211,0.0036099341511726356
91,1387.5580874144634,-12670.002800667158,0.0036099341511726356
91,1434.8732775399003,-12678.118580749975,0.0036099341511726356
91,1403.6346342871855,-12571.372847849087,0.0073052901029586805
91,1328.8366143459425,-12675.467469545869,0.0073052901029586805
91,1384.350531974738,-12604.3644251804,0.0073052901029586805
91,1430.294001119861,-12622.759299407098,0.005796647071838379
91,1449.8506777849818,-12598.281616873564,0.005796647071838379
92,1383.566825108761,-12919.988775457645,0.003719445765018461
92,1428.3536398201522,-12917.118187967939,0.003719445765018461
92,1460.9258761420356,-12839.549911597867,0.005330488085746765
92,1450.7087689751168,-12888.68515095875,0.005330488085746765
92,1382.348680740049,-12903.344184108328,0.003719445765018461
92,1394.245482883372,-12891.370086313455,0.003719445765018461
92,1444.8485685401054,-12906.952702424323,0.003719445765018461
92,1422.6402543211195,-12797.35298036173,0.0075994485616683975
92,1337.0949937352095,-12898.279848451662,0.0075994485616683975
92,1396.8154933349551,-12831.694921911932,0.0075994485616683975
92,1439.428114756997,-12850.185119130716,0.005330488085746765
92,1462.6122853632526,-12823.637455852439,0.005330488085746765
93,1390.0340156721143,-13147.48587514723,0.003828856348991392
93,1439.5489657040525,-13141.008442088065,0.003828856348991392
93,1473.2887561116202,-13067.853422618922,0.004848221242427827
93,1460.2387459588074,-13119.752109522135,0.004848221242427827
93,1390.6343910343153,-13131.618597523237,0.003828856348991392
93,1407.4737473059108,-13114.676741918141,0.003828856348991392
93,1455.9709573488253,-13136.904616541902,0.003828856348991392
93,1431.885987020769,-13024.810417432036,0.007863498330116273
93,1351.4696113438863,-13118.44634694677,0.007863498330116273
93,1406.5314722416301,-13052.366575392429,0.007863498330116273
93,1447.3061110072133,-13073.501192453863,0.004848221242427827
93,1467.8894041306085,-13048.908733334978,0.004848221242427827
94,1396.0815073111332,-13372.981380484476,0.003938260674476621
94,1447.513328170332,-13367.433223860327,0.003938260674476621
94,1480.631867495059,-13296.148769619957,0.0043517276644706735
94,1467.989491653774,-13345.319877567828,0.0043517276644706735
94,1402.3624589110111,-13357.24467880049,0.003938260674476621
94,1418.3108020986115,-13344.27314137426,0.003938260674476621
94,1467.5646688691547,-13364.199139268556,0.003938260674476621
94,1442.161037801089,-13248.512461026228,0.008096454143524171
94,1360.7137781785013,-13346.216905028461,0.008096454143524171
94,1425.1777100395634,-13277.792555151289,0.008096454143524171
94,1455.6038124131378,-13300.22019728407,0.0043517276644706735
94,1481.1287535126542,-13279.752232955263,0.0043517276644706735
95,1403.336585123083,-13600.154771067579,0.004047741591930387
95,1455.2388325582608,-13594.075194118263,0.004047741591930387
95,1492.1573738109032,-13521.762732150497,0.0038429415225982666
95,1477.1889998834504,-13574.02603290554,0.0038429415225982666
95,1410.2207198688366,-13580.300630299345,0.004047741591930387
95,1428.3184728538074,-13569.990361488162,0.004047741591930387
95,1474.0216730053953,-13587.228240868013,0.004047741591930387
95,1458.8240518608427,-13474.412497533947,0.008297444581985475
95,1367.9841230529885,-13570.42151119721,0.008297444581985475
95,1431.6845315723879,-13506.065540330741,0.008297444581985475
95,1473.0549193496245,-13531.937316520582,0.0038429415225982666
95,1485.633006343408,-13506.494535179274,0.0038429415225982666
96,1412.0375645026447,-13833.294780490722,0.004157363772392271
96,1462.4152780174627,-13823.129273232807,0.004157363772392271
96,1500.0100538265083,-13756.607783920766,0.0033238470554351808
96,1488.3632815375884,-13804.100203924043,0.0033238470554351808
96,1423.032491563578,-13805.289009986598,0.004157363772392271
96,1441.4592591710718,-13802.706606037327,0.004157363772392271
96,1483.1126263969352,-13819.682951283952,0.004157363772392271
96,1470.9906464657824,-13704.552959542045,0.008465716838836672
96,1379.8032949002288,-13797.67822476617,0.008465716838836672
96,1443.804373023319,-13734.775537103074,0.008465716838836672
96,1484.3912604071058,-13756.771289834745,0.0033238470554351808
96,1497.0366170570856,-13733.413130090372,0.0033238470554351808
97,1412.9728329351829,-14057.097901632382,0.004267172217369077
97,1472.5280432539323,-14052.440592953426,0.004267172217369077
97,1507.4915016374025,-13981.434366568383,0.002796466648578644
97,1497.476434143478,-14031.065993958267,0.002796466648578644
97,1431.373209374893,-14037.919819620998,0.004267172217369077
97,1449.8879576180525,-14026.524005573503,0.004267172217369077
97,1491.1252553414065,-14045.585063610231,0.004267172217369077
97,1482.340238529422,-13932.823982558579,0.008600640892982485
97,1391.4952361222367,-14021.68580849898,0.008600640892982485
97,1454.92769609083,-13963.76256457883,0.008600640892982485
97,1493.0608215710429,-13989.934741138612,0.002796466648578644
97,1502.2667138458414,-13965.851051058693,0.002796466648578644
98,1423.9493013557737,-14283.761708171493,0.0043771919608116125
98,1480.527892641168,-14282.109312297192,0.0043771919608116125
98,1516.8261069771431,-14211.726073632386,0.002262856215238571
98,1505.1135553186787,-14263.97536242732,0.002262856215238571
98,1440.2010524382108,-14266.905642746387,0.0043771919608116125
98,1462.9576857196591,-14256.092577308526,0.0043771919608116125
98,1502.105222153387,-14281.59960237076,0.0043771919608116125
98,1494.0566519164174,-14165.043984379216,0.00870170533657074
98,1403.6714694439154,-14252.399289238334,0.00870170533657074
98,1468.8745314891744,-14191.407457708156,0.00870170533657074
98,1506.2326519774358,-14219.480938410508,0.002262856215238571
98,1512.5653197586469,-14198.281633894432,0.002262856215238571
99,1431.3637426570829,-14511.60814260695,0.004487421512603757
99,1489.7063091325476,-14507.764286984744,0.004487421512603757
99,1520.8411440325976,-14446.94886577724,0.0017250949144363404
99,1516.0076531574227,-14496.215783802805,0.0017250949144363404
99,1447.985339402518,-14495.797823240553,0.004487421512603757
99,1471.5975082807395,-14486.121703953839,0.004487421512603757
99,1507.8493702966607,-14509.740956439795,0.004487421512603757
99,1505.8278786549104,-14393.786592667397,0.008768528103828431
99,1414.4568054689908,-14479.576691253631,0.008768528103828431
99,1477.5777486698832,-14419.665250098717,0.008768528103828431
99,1512.2900316374503,-14450.668367204848,0.0017250949144363404
99,1521.7520666250282,-14430.968363053367,0.0017250949144363404
100,1434.3212002901575,-14741.642853557176,0.004597835540771482
100,1493.495259848488,-14740.190008245612,0.004597835540771482
100,1527.027462756905,-14679.586199922092,0.0011852799355983735
100,1520.5915828641744,-14722.634681058547,0.0011852799355983735
100,1460.6123455545044,-14724.7525208169,0.004597835540771482
100,1484.0629910316757,-14712.877695350675,0.004597835540771482
100,1514.4754305195527,-14741.177291459391,0.004597835540771482
100,1515.7603283847616,-14625.090470640236,0.00880085349082947
100,1420.244015734448,-14707.63898525963,0.00880085349082947
100,1491.1420274213217,-14653.188812889035,0.00880085349082947
100,1522.8147978921336,-14685.720930936199,0.0011852799355983735
100,1525.348230150898,-14656.92523105233,0.0011852799355983735
