,x,y,z,q0,q1,q2,q3,v_x,v_y,v_z,p,q,r,a_x,a_y,a_z
0,0.057810974148554524,0.0025480138480056943,-0.7320538496429602,0.5374974983628956,0.016430543957033347,0.02616517586199326,0.8426991515665694,-0.9435854705942426,1.6177787941556747,-0.6572379369244772,-0.5633585034493045,0.3079993694821024,-0.0013168611145501496,-0.046949897971143795,0.08096888552201575,-0.032895643790118445
1,0.05758045433936933,0.002595836842007476,-0.7324655031133824,0.5227392900944964,0.01736971995243473,0.02506165399127791,0.8519470880984907,-0.2798363326244615,0.27604690936878296,-0.4419137019001948,-0.0652879216404656,-0.19920041693981516,0.3863919188824752,0.06589245300209079,-0.11872469733394342,0.005964714901695707
2,0.057549611805930115,0.0026984382780802416,-0.7326547771328159,0.510930680606275,0.01927321126139838,0.025390823299456147,0.8590306682738735,-0.0423471942639205,0.13715435698822032,-0.1934986920566488,0.7919106553994468,-0.28398779910517025,4.18241505315653,12.173173728131385,-5.0512273222822905,0.20269686021716957
3,0.057506982295047804,0.0026892239159242715,-0.7329114016332112,0.49880688031645737,0.020396599900655777,0.027768580514877954,0.8660280485051537,-0.010392444775248796,0.05973167487164324,-0.22327714236481214,1.3934888426290342,0.5904224456723198,7.867115773227706,22.942681661778586,-11.849499943123995,-2.3733230622271857
4,0.05745159624890715,0.002682877836456748,-0.7331749439162318,0.4848016382011438,0.022396594596574365,0.02964506041752198,0.8738346150964754,0.007416393671142313,0.013505004494388871,-0.24761211698550253,1.8128938269198565,0.54797290941535,11.809918215603968,29.861242223890535,-20.642226557284218,-6.488635396610764
5,0.05737792604056538,0.002674542748503695,-0.7334244853884891,0.4701708943842369,0.02355913889641505,0.0309332830867172,0.8817184522543821,0.007046307145476254,-0.01546808054873567,-0.25223727454560385,1.6529558888731268,0.6987373501468732,15.199364224155849,27.95471504448337,-24.0722957773909,-5.351378000475611
6,0.0572943801236081,0.0026737135316625637,-0.7336870529815858,0.45559222248553294,0.025082075396781103,0.032296414866452426,0.889248872864766,0.0023367812368495847,-0.025966966494597746,-0.2598539989820088,1.8831247571488476,0.5984427806912387,18.147082919618448,24.330854854692557,-21.55957001167833,-5.413883965277408
7,0.057213088476656404,0.0026610958981043006,-0.733971011207639,0.4408481257361001,0.02625921971172614,0.03434878815162143,0.8965397616210973,-0.00015359944692585822,-0.02737924810907875,-0.2686242204323198,2.44834872799543,0.7044620906238139,21.161610891667664,21.43116847412374,-16.43718135773364,-5.0671598013852295
8,0.057127052186418024,0.0026758924137125135,-0.7342553980749094,0.4255594605244463,0.027836141255794956,0.0356661485556574,0.903798772208358,-0.006809085783269542,-0.02079228840643717,-0.28000550927502216,2.922286509228721,0.48968178723607825,24.244513357054213,17.75845888183324,-12.08563007372448,-6.367887757189002
9,0.05705156614366886,0.0026641434868210794,-0.7345668245397242,0.4104614576886313,0.029039443513035796,0.038104145771789305,0.910618568088516,-0.01241221329423715,-0.017008160374471015,-0.29140007486953495,3.5852684485081165,0.5856479309088266,26.4713756682751,14.477775516147858,-8.344814661000896,-6.582045407846182
10,0.05696220004374739,0.0026758265716541017,-0.7348717296061779,0.3944303788153982,0.03060674173111599,0.039741625245936475,0.9175557241121423,-0.024256134606138263,-0.011585551704675748,-0.30203397895368944,4.094435654132865,0.4348816617553023,28.86859767368453,10.720283873670876,-6.014418202068718,-7.290246023689919
11,0.05685421270206595,0.0026488075086091092,-0.7352057940887017,0.3774824474891626,0.031697801619334304,0.0424306183163615,0.9245008890419654,-0.04127295163151701,-0.01327296490897244,-0.31432737496756447,4.7321300526941235,0.5655444397895473,31.052187781462454,6.890167853268891,-4.616005100357798,-7.635664732423608
12,0.05675873008547622,0.002651935610595922,-0.7355399084437133,0.36125664702404386,0.033357240675787006,0.0444567098800655,0.9308085358558348,-0.052209092209451975,-0.011060738721050154,-0.3272743431819123,4.950142742166713,0.49905786906709676,31.83387041421808,4.50514561921411,-3.618057978429062,-8.400595799826297
13,0.0566505801232537,0.0026224406317372703,-0.735903917803016,0.34446076870707154,0.034669006977438147,0.04740179782818034,0.9369620634473885,-0.06450683751576872,-0.01343650174755953,-0.3415265069318784,5.315324956617332,0.6063680194045233,32.66308776486964,2.4216261431317125,-3.0070296913475527,-8.878535689327617
14,0.056544502949779016,0.002614605095713708,-0.7362667773605125,0.328068522946368,0.03607392231336413,0.049489691244702906,0.9426666891543488,-0.07430306735046098,-0.014031337581285601,-0.3555275737128082,5.384834370669777,0.6094714128986568,32.98312526703579,0.9634083410588214,-2.6743432075328375,-9.517784235799029
15,0.05644062536926964,0.0026133177871931375,-0.7366210333367913,0.3117101459746943,0.037723868303857676,0.05137232447452606,0.9480372244457029,-0.08124332419200421,-0.014141122718229206,-0.36450284063155497,5.406942908920472,0.5494596542232917,33.16048204132604,0.09124071799034594,-2.458838072240048,-9.528677313440381
16,0.056346603614037864,0.0025802560333648417,-0.7370173795053702,0.2958144781036438,0.03883078639609572,0.054175084786407625,0.9529171132687855,-0.08459524764924004,-0.017161557851341956,-0.3780673983932732,5.475356784773614,0.6747882105958999,33.06987240987746,-0.28498891830464035,-2.2842571914514638,-9.791054055505708
17,0.056248329520551414,0.002580355321771831,-0.737391455293724,0.27969824891127654,0.040367138768448385,0.055793535773220194,0.9576149878889411,-0.08815928242128847,-0.017243593657547646,-0.38745831488896176,5.415469009349773,0.6168440389149573,33.08213212564083,-0.6121698011113572,-2.180713526006703,-9.845626778259543
18,0.056161101268480174,0.002579585313252811,-0.7377880506333426,0.26416212370685066,0.041915920972750736,0.057508872112203784,0.9618493424627762,-0.08869971944708477,-0.016919818731573177,-0.39918203708495426,5.330170482041866,0.5778281456315456,32.89101368182826,-0.6200181447533644,-2.0304141664289115,-10.075723731869793
19,0.05605242649168463,0.002598514517758698,-0.7381691304054305,0.24736600149773658,0.04391689154791414,0.05850807373197459,0.9661563917130417,-0.09311550245642726,-0.01563966281639003,-0.4077798730497646,5.2875875549270335,0.4055919875219558,33.108401308110984,-0.9351006692632762,-1.9753572720815762,-10.124629415071166
20,0.0559603115076618,0.0025803134948511634,-0.7385919402249838,0.2313510001527048,0.04522104824803631,0.060616090420733695,0.9699265235603145,-0.09390837956430893,-0.016978504168263797,-0.4191754862289836,5.295449784686453,0.4410551047510692,33.051565830721465,-0.9315924159794818,-1.8749696304698231,-10.196003134359566
21,0.055871826059240806,0.0025664020215954587,-0.739018867974027,0.21527245974484313,0.04643397278067735,0.06254197552150348,0.9734424253878993,-0.09387631075314759,-0.0177285952109248,-0.42960665752263905,5.281734726106158,0.47385864362139885,33.00842447594303,-0.8625199060435228,-1.7602107896301373,-10.197443216499702
22,0.055773412987761124,0.002568933657451054,-0.7394515322519837,0.19906452520717616,0.047925392410150966,0.0639666074102506,0.9767214263559479,-0.09556778992167245,-0.017164494590747564,-0.4405795336906469,5.231784169439511,0.43420365149083956,32.99403088621726,-0.9298956556603428,-1.6494254556947248,-10.307014978213687
23,0.05567223836103062,0.0025504420399993593,-0.7399064241481573,0.18251707593858027,0.04927065748573891,0.06597683974309608,0.9797484248108119,-0.09733737878790719,-0.018299978329063944,-0.45208248198756995,5.267117869274865,0.443384988373435,33.04190434175812,-0.9885940817763921,-1.5879593308758377,-10.378502998301917
24,0.055579464374314436,0.0025358546957468483,-0.7403616675680817,0.1664136634505023,0.050587079054337646,0.06781611932774977,0.9824196730568142,-0.09758786285484643,-0.01896374500335481,-0.4619364406903999,5.25414971067221,0.45318492384190906,32.98779123725168,-0.9420690841426275,-1.517255737888244,-10.334592691302246
25,0.05548911855343045,0.0025077715088691298,-0.740838156321834,0.15019332311379566,0.05170935631831397,0.07013229758198516,0.9848094074474779,-0.09738614438563313,-0.02009595636887849,-0.47245544275871537,5.292867248650879,0.5058636584556385,32.953394631319966,-0.8693691789704576,-1.42506293496842,-10.295902259068965
26,0.0553961769899367,0.0024960036132501643,-0.7413126531196352,0.13387274799872487,0.0532319864187264,0.0719068461882612,0.9869517964097559,-0.09738960880556545,-0.020283230437177533,-0.48233883368377706,5.291694565088476,0.48027981303441214,32.93759065109566,-0.8099731340668095,-1.3614387885763526,-10.276955324136596
27,0.05531684109037213,0.0024761769139382667,-0.7418046740574163,0.11788997594211037,0.05430341740120291,0.0739305469005808,0.9887807475198436,-0.09568741551884481,-0.02058519888347793,-0.4925469945216311,5.28645742602158,0.5233840431868197,32.8621823306039,-0.6627520995926239,-1.2618716584699303,-10.244569677573176
28,0.05523324666279036,0.002451713063428411,-0.7423091527426059,0.10157995746118806,0.05537580065228448,0.07600974103418598,0.9903724310643031,-0.09467655996718173,-0.021321073034238514,-0.5029973069719149,5.304351282228484,0.5597729628007617,32.84004430159944,-0.5658257296090137,-1.195002624944532,-10.22944307697638
29,0.055155456858482596,0.0024144929817257366,-0.7428342698427143,0.08536254828777963,0.05625619803660501,0.07851139691520519,0.9916574187120801,-0.09308576495662499,-0.02248757447375648,-0.5139069810502627,5.351170893155889,0.6299092000602263,32.80237826102487,-0.44766995040753704,-1.1213081216864509,-10.212892555964125
30,0.055075883675136626,0.002388416089715677,-0.7433618716152497,0.06904655055667738,0.05734777902967109,0.08069300548855426,0.9926895007814942,-0.09176466677681963,-0.022872475798504474,-0.5243527617897566,5.376859665173687,0.6589985031996253,32.7808277447119,-0.3503414528847093,-1.0467798257449343,-10.198249371421518
31,0.0549936616494505,0.002367648705027874,-0.7438957467882065,0.05266733905315094,0.05855516170274266,0.08271593258188549,0.9934563497870126,-0.0908342575797909,-0.022893645363227945,-0.5345530766811717,5.394123396213181,0.6673530552449338,32.7683797175346,-0.27985555083395747,-0.9753938546878821,-10.183566400957947
32,0.05491816860992504,0.002338992202604747,-0.7444466672998289,0.03631481651612461,0.059448119109201274,0.08494588010639056,0.9939473591135142,-0.08935814760624838,-0.023241947249549744,-0.545130378206483,5.421942866504148,0.7117777580472251,32.750399692627404,-0.191978228159147,-0.9028224081531044,-10.173168883821788
33,0.05482906574982693,0.0023207152239384634,-0.7449958194346638,0.019647204211755438,0.06087556855372781,0.08676541004676289,0.9941729809944239,-0.08919387954355548,-0.023334349367091892,-0.5550338034964701,5.438315057359213,0.6862204269007662,32.77150864230998,-0.164265499855291,-0.8664503983839208,-10.16035732467482
34,0.05475035965913786,0.002294317928782303,-0.7455626051590624,0.0031824560312460628,0.06195892609296323,0.08882793680593164,0.9941129518791199,-0.08811489986254868,-0.02366967431008978,-0.5652919184968723,5.460665493513127,0.7026886620353765,32.7666344839415,-0.10171198098052764,-0.8197608199200985,-10.14760324396217
35,0.05467002808234964,0.0022663164422081074,-0.7461415064403195,-0.013330267775737169,0.06312885362945439,0.09094848427927038,0.9937632640663274,-0.08721544097295297,-0.023977342350723352,-0.5756049344540168,5.490259534862402,0.7113379562858515,32.767260414954656,-0.04967232194358626,-0.7752615686730487,-10.137150329880855
36,0.05460134549978006,0.0022444262604846277,-0.7467260770567958,-0.02936584827227052,0.06413457106271958,0.0929202807476438,0.9931718004331527,-0.08543508775113239,-0.02381844125691507,-0.5855674435753032,5.4910003392401645,0.7329871782016416,32.72291037549026,0.03033762858924763,-0.7166653006347614,-10.114165094499764
37,0.05453429429535347,0.002213267323320212,-0.7473303421067464,-0.045451206228235834,0.06500726978963359,0.09518349310016855,0.9922944852049447,-0.0836816916767116,-0.02397022371132115,-0.5959967765500753,5.515433150719368,0.7707753325154899,32.68636753630503,0.10306019895866712,-0.659407284056607,-10.100387495891235
38,0.05446525970627273,0.0021772411533544805,-0.7479483441246102,-0.061718701691089804,0.06580829772927077,0.09753984930952596,0.9911337183287716,-0.08224070906135962,-0.024355824198229768,-0.6065901631752729,5.553560135554561,0.8113940804457189,32.669004409043275,0.15901637018166817,-0.6110529357365685,-10.09126696691162
39,0.054395805615813364,0.0021444912170590163,-0.7485744162410213,-0.07787837029943469,0.0667387163068363,0.09980484864526912,0.989706974499076,-0.08090066296039224,-0.024513863094826113,-0.6170119246841059,5.582829067233163,0.8378014541418998,32.64653704378881,0.2080932189431053,-0.5645513965804453,-10.080507848177517
40,0.05433278460072931,0.002095034635356461,-0.7492340576355987,-0.09404443437285176,0.06763230516165912,0.1026218505477446,0.9879525653856904,-0.07900135686531941,-0.025158378232362184,-0.6286699030355059,5.64688532071119,0.8792992850613098,32.62632026476011,0.27964204587192204,-0.5202395261246131,-10.102663398283111
41,0.05426995140888265,0.0020908668664926036,-0.749840770462316,-0.11027159915638438,0.06849876789238869,0.10384132045011912,0.9860857332828085,-0.07723232953391765,-0.02439190259883748,-0.6369204896810597,5.613446208670913,0.8788456795297725,32.61833242162067,0.34212671585429155,-0.48016012315906054,-10.038376416461016
42,0.05420406469927864,0.002090019196006174,-0.7504586586360684,-0.12648991311878494,0.06939542704585008,0.1049428654301334,0.9839570984446625,-0.07586024543685736,-0.02351770122562538,-0.645531080931229,5.578295781823544,0.8721055003095792,32.612932986740546,0.384966883406878,-0.4415377930677984,-9.995353495471305
43,0.05412055678870063,0.002181948894798867,-0.7509842457639051,-0.14325419145104168,0.07032509601110314,0.10279584494081673,0.9818175144932184,-0.07599666161836566,-0.020081747635647112,-0.650304141937047,5.373925158016169,0.7772698216707559,32.65768948143495,0.3709329673614657,-0.4118600707060411,-9.90539824837183
44,0.054041742938162926,0.0022196510675286086,-0.7515860017205206,-0.15968506998011386,0.07139247751726013,0.10247034398862663,0.9792362438054701,-0.0756730350139126,-0.018358610701344535,-0.6581999415044507,5.274782469299255,0.7252391894232662,32.67699770731762,0.37505869330504277,-0.3878074284841678,-9.880733167925275
45,0.05396657646134124,0.0022386511858244343,-0.7522197779138673,-0.17588867012725334,0.07241702561024155,0.10282846041101794,0.9763427973064233,-0.07514919581393449,-0.017099911159192974,-0.6669659920234007,5.215231083877197,0.6959166110671783,32.681264784350546,0.38374987814456524,-0.35750925691090163,-9.866148825741034
46,0.0538900572707629,0.00224959492237009,-0.7528708642863984,-0.1921751566539306,0.0733931079496081,0.1034206544651204,0.9731322259079394,-0.07474135130259263,-0.016157884259239468,-0.6760505147522284,5.176487879878579,0.6738415851111926,32.693189933306556,0.38892116236793606,-0.330640640285614,-9.855510211826715
47,0.05381518933958136,0.0022554310916613964,-0.7535362067551143,-0.20840012133322514,0.0742981580033152,0.10416444259878102,0.9696385625807674,-0.07425834152278776,-0.015398731667539536,-0.6852764424245052,5.149254146011657,0.6597232438896342,32.7030967054946,0.39604645224893376,-0.3049881560501686,-9.844198840409511
48,0.053742366131844674,0.002264846899495158,-0.7542102250280901,-0.2243782680771408,0.07511943038628897,0.10478436448124796,0.9659356608767498,-0.07378931317632442,-0.01453136261010039,-0.694526949666515,5.113065652343745,0.6506881497653287,32.700971396093394,0.39796220771692636,-0.278276329722462,-9.834791329787732
49,0.0536661050785824,0.002263981363616411,-0.7549042434199998,-0.24049414302362868,0.07611728215600573,0.10566268191315933,0.9618753163375344,-0.07341727709272133,-0.014036985571459597,-0.7042214944192619,5.097020183223763,0.6350585698371765,32.71211389842545,0.4013879181468515,-0.2596509575786013,-9.836862837089676
50,0.053588340592760214,0.002272281234001212,-0.7555955514947819,-0.25652257284446034,0.07701627488427935,0.1061996550742881,0.9575940143329583,-0.07329012527114935,-0.013324380346461953,-0.7132610250209677,5.063363695349343,0.6188538082620014,32.722671218255925,0.3930110071271203,-0.2416249883806713,-9.818564035626299
51,0.05351031090982387,0.00227614921427007,-0.7562992147091246,-0.27246737760652656,0.07787634410176018,0.10685845698085085,0.9530362392591576,-0.07324070428712659,-0.012764476901635386,-0.7223281543034258,5.039279996943537,0.6070185011494698,32.731211222323374,0.38095816776223035,-0.22500480949197185,-9.79766650841681
52,0.053432232893783974,0.0022895921106308114,-0.7570111290560455,-0.2884826131477246,0.07866098983246335,0.10715893601250696,0.9482126307019458,-0.0731303243107388,-0.011987826268113507,-0.7317939193097264,5.000232786639201,0.5923503124107172,32.74947871595606,0.3742120175177507,-0.2085783731714062,-9.799734298851984
53,0.05335605323981325,0.0022923442870215536,-0.7577391832912016,-0.3042958924294124,0.07944241780743404,0.10784296188989033,0.9431133588674865,-0.07295542814546843,-0.0114424640780745,-0.7412103651024478,4.98328292978375,0.5851326670703145,32.757772108491025,0.3679824914123585,-0.18999667965582975,-9.790406868119403
54,0.053277044676635,0.0022921863380959643,-0.7584751658976795,-0.3200888417371285,0.08027835998067563,0.10856800430289516,0.9377161120274531,-0.07298426067366257,-0.01099795657474945,-0.7503285148263144,4.97038527382138,0.5751217665056038,32.77013476118806,0.3548324127669448,-0.17440577724162049,-9.768010292050763
55,0.05320143616840245,0.0022876396975595606,-0.7592293953469784,-0.3357343207510757,0.08109253217445354,0.10943267050873506,0.9320573789851544,-0.07275599954730945,-0.010661769564185828,-0.7600052002747463,4.96699931193684,0.5689832015358781,32.77743051920407,0.35180566496814986,-0.15835642214830686,-9.765712530114797
56,0.053123496476549285,0.0022873953782734375,-0.7599883769127208,-0.3513109901710641,0.08189242935327148,0.11011722565465328,0.9261470805513388,-0.07274831573017153,-0.010210979432848526,-0.7694152617823632,4.954726418279001,0.5610313913554601,32.78743677005584,0.33985462607466305,-0.1427291072083455,-9.755252129689065
57,0.05304475328651797,0.0022856761392260486,-0.7607578819733846,-0.3667897784956638,0.08269816757245936,0.11081376590592477,0.9199709673446256,-0.0728201031709819,-0.009807131434424904,-0.7788300188487007,4.944590749384879,0.5531256487878908,32.79732030681184,0.32489915814379,-0.12822162381952198,-9.744631979385991
58,0.05296398419984453,0.002293660756413301,-0.7615314040343629,-0.3822529479854379,0.08343797165666586,0.11114184916626178,0.913547085817785,-0.07303171864236314,-0.00918134253708636,-0.788196835948143,4.917165849672834,0.5432519560105286,32.81382206889466,0.30605262821203705,-0.11403832762226189,-9.7375817854023
59,0.05288527657394183,0.0022912473646524967,-0.7623199958385346,-0.39753856858836745,0.08419368615741094,0.11180079545108638,0.9068489906442216,-0.0731079930720073,-0.008820766471221736,-0.7975708148369782,4.909463961668489,0.5369595635687663,32.82353885658747,0.29220971869274864,-0.10072723503830316,-9.725227026810922
60,0.052806782538123896,0.002283346807258317,-0.7631118561634584,-0.4127606495881473,0.08497863003262499,0.11232830173211596,0.8998831208658865,-0.07310376727463981,-0.008969677606828385,-0.8064629970268767,4.894908453958527,0.5291388806445114,32.837843653946514,0.28359752434834773,-0.10817060889313956,-9.695338796051349
61,0.05272778154963802,0.0022772478351175945,-0.7639143965099726,-0.4278644698267195,0.08567167674480214,0.1128519755574833,0.8926683543603456,-0.07319951058769406,-0.008982832022628071,-0.8154989348181138,4.884272376043086,0.5236713023636342,32.84972500971002,0.2704169600489742,-0.10918369445641239,-9.671598811480541
62,0.05264566285601293,0.0022803110308680543,-0.7647266664248619,-0.44286743407897816,0.0863392880294583,0.11325041624732508,0.885205234052915,-0.07357370662066612,-0.008436507646302669,-0.8246787490752844,4.868789462333623,0.5178931345054,32.86313596393938,0.2458030844599528,-0.09251850227439634,-9.656113359125552
63,0.05256199930902963,0.002286521887366217,-0.7655443311894227,-0.4578430046313206,0.08698841876480919,0.11349442245548551,0.8774575854036812,-0.07399183630677167,-0.00782367275669439,-0.8336438554020069,4.8475538882125635,0.5110745551269343,32.882531056056266,0.2220613642263111,-0.07640771190029086,-9.634103069265665
64,0.05248013602976516,0.0022844207720077864,-0.7663818888560814,-0.4727944528901727,0.08764390092242925,0.11379588223614348,0.8693873987662114,-0.07413217340280326,-0.007711774785461056,-0.8434495787551576,4.834324825324931,0.5018551128695277,32.905192676734,0.21317437205849485,-0.07534732935097822,-9.646224671580129
65,0.052394560988277133,0.002285240201338751,-0.7672229127274266,-0.4876415855795648,0.08831116848898835,0.11396522060208893,0.8610567635334356,-0.07457107320947157,-0.0074698038170023275,-0.8527802619022334,4.814268548689853,0.4927879535744001,32.93127657785348,0.19199116360371912,-0.07198509116195635,-9.639974817152368
66,0.052312243109610586,0.0022889547992956966,-0.7680781209446628,-0.5021726313738498,0.08890464638770328,0.11422724207002358,0.852567152380865,-0.07488418406794956,-0.006898081294559049,-0.8623940988274316,4.800610421003642,0.4884374979090368,32.94566167951191,0.17332558864766567,-0.05423582068677206,-9.643386121281576
67,0.05222801636647597,0.0022974618670438592,-0.7689432722483008,-0.5165750750897501,0.08946235934048258,0.11428242481838523,0.8438520044622064,-0.07534956936744334,-0.006236211822307793,-0.8722344872990402,4.777831445531979,0.48462848603106173,32.962125327973595,0.14894131277575245,-0.03746099885026408,-9.658533628502681
68,0.05215156061330319,0.002305460128372309,-0.7698223086148455,-0.5308419165543878,0.08995546388310628,0.11434321723788467,0.834889515336089,-0.07508719673582458,-0.005613444520991203,-0.8824202858720847,4.759266154950556,0.4819773135347374,32.977000053496404,0.1579674727752471,-0.021060375773063363,-9.686321314762887
69,0.05206677235256129,0.0023185642798803285,-0.7707042752787766,-0.5449937051467935,0.09040857850657714,0.11421438906071595,0.8256895443290279,-0.07557770990155172,-0.004848872852138168,-0.892167100421193,4.732501956812446,0.48013405932640363,32.9952165630895,0.13364799959097473,-0.003379040968836712,-9.696855785043272
70,0.05199409443939191,0.0023318046775147156,-0.7715958334683081,-0.5590363139305846,0.0908712128732362,0.11382669600517534,0.8162501489460185,-0.07485958134298304,-0.004352145843008635,-0.9021162004287777,4.693367414357138,0.479882462047535,33.01921811417031,0.1656469495158299,-0.00016004880689845851,-9.718691314340324
71,0.05192552700385471,0.002341473031877265,-0.7725038624010935,-0.5727378985643019,0.09129791946430445,0.11368059164101112,0.8066676592834168,-0.07400927280971954,-0.0037900646531884106,-0.9123232989428887,4.668809177742215,0.48207548848556536,33.030277899432605,0.1981380243687231,0.01106361375486043,-9.746003080688418
72,0.05184955750266156,0.0023545862312239663,-0.7734191328321955,-0.5863911190709462,0.09169087697467984,0.11342720823256347,0.7967888722785379,-0.07377984716861107,-0.003083590380735679,-0.9223816731326359,4.642280592559546,0.48318604998502174,33.047114538347856,0.2032927009758735,0.026279929353894,-9.766803778003746
73,0.051778728402118314,0.002363832087751703,-0.7743467647942017,-0.5997841739256512,0.09201401607575492,0.11336447367489393,0.7867279464099067,-0.07322651486917664,-0.0024440914615085625,-0.9324247620492521,4.628998894575665,0.4846988480444997,33.05463096334965,0.22046297156537475,0.04338724260362718,-9.782017284282757
74,0.051703934549515336,0.002374135717786686,-0.7752826484766067,-0.613085719400851,0.09236870713972796,0.1130713985432592,0.776407612945383,-0.07296322193781546,-0.0019396818872756765,-0.9424961042630399,4.604656324966283,0.4866467569677462,33.070062170719936,0.2255549735967399,0.05131035562559204,-9.800950843445912
75,0.05163307372090228,0.0023830623721530736,-0.7762316593372552,-0.6261828384820313,0.09269525165363028,0.11291306179486016,0.7658676671511643,-0.07241511166063047,-0.0013373597244992863,-0.9526557726740489,4.590058217879757,0.4877858030700509,33.08096499367454,0.24206043936955313,0.06618628800731151,-9.81999182133825
76,0.051563843403024494,0.0023933215087233142,-0.7771907337271491,-0.6389458947782699,0.09298972681989735,0.11271864614532147,0.7552453648074398,-0.07192087467020225,-0.0006866622055924156,-0.9628001661477738,4.573791652201576,0.4926705151391908,33.084776744240884,0.2527227530385754,0.08162103314044097,-9.837381317848523
77,0.05148158822187258,0.0024097868854466345,-0.7781541733771389,-0.6517100853807704,0.09329682372951062,0.1121593088583841,0.7443050159251806,-0.07240190334380119,3.277015463760383e-05,-0.9727876727472828,4.5411693377944395,0.4985148238831412,33.1030053501885,0.22355598132178864,0.0933074906137344,-9.852051032549975
78,0.051403926825377234,0.0024229826742986032,-0.7791262140336082,-0.6642338587489289,0.09354395864181829,0.1117484248631788,0.7331815588472779,-0.07254486034831487,0.0006861423952234796,-0.9824919472407411,4.519467564788494,0.5037471315094196,33.11446713313012,0.20921006073850215,0.10605044202393411,-9.851415629636787
79,0.05132574116654931,0.0024371008000457807,-0.7801120433404084,-0.6765496859325042,0.09383181797853976,0.11127924767039096,0.7218677451149789,-0.07274063276999505,0.001425325436182341,-0.9924943544551925,4.495549678722052,0.5102771019507936,33.12713545171714,0.1928823118372066,0.12108234970428235,-9.863356554964133
80,0.051240567811093485,0.0024517094323689547,-0.7811033376719971,-0.6887588058689307,0.09404825440428004,0.1107037320047812,0.7102893191522214,-0.07346545470004621,0.0020446296434563044,-1.002231686234314,4.470445764127216,0.5164040453578248,33.1430577240809,0.15554153020402817,0.13063614161582582,-9.864370946549677
81,0.05115490044861948,0.002466906461685015,-0.7821044672268289,-0.7007704667611703,0.09425330365896682,0.11008232166413044,0.6985119541723943,-0.07420746444196237,0.002689804059179288,-1.011963072806431,4.44519544694588,0.5233950767934593,33.15926267440002,0.11891920719078239,0.14087014762008973,-9.864972230886174
82,0.0510749349649351,0.002477732036916225,-0.7831214530366998,-0.7125255185122595,0.09442830216773465,0.10961496642651906,0.6865677245209446,-0.07451139965915442,0.003218042635748002,-1.0219999963715736,4.430051725725379,0.5283661248895226,33.168891496993794,0.10150013243756417,0.15008346035957387,-9.875345539731626
83,0.050992008423978524,0.0024918241315106723,-0.7841370384229376,-0.7241981622820071,0.09452331292513337,0.1089779399142089,0.6743338740365014,-0.07493577284274841,0.003749229420754552,-1.0312910738769387,4.410578642412777,0.5333250002242845,33.18440640563108,0.08159128100875443,0.1573932954110449,-9.856185496701643
84,0.05090672634052969,0.0025038033434098992,-0.785168896613139,-0.7355814895162937,0.09462103953648196,0.10837108863911686,0.6619837145317089,-0.07564200389643391,0.004207175943977632,-1.0410296266145749,4.393502312217081,0.5394561260520788,33.19572784824275,0.048692727316733575,0.16272756403130043,-9.855225971632692
85,0.050826495836198145,0.0025124187538131284,-0.7862142270402988,-0.7467134746924553,0.09469231830164525,0.1079017476164018,0.6494686785586401,-0.07595057271527016,0.004609371594835997,-1.0508983752077303,4.38514747946856,0.5430750929555465,33.20155278614641,0.033509105832085224,0.16891909491690923,-9.857414575701831
86,0.050749715695025545,0.0025216145763155987,-0.7872684738437328,-0.7576207418671133,0.09476030378616467,0.10734712223636758,0.6367950154222701,-0.07596150088153926,0.004995226529802509,-1.0607144149281518,4.373945777360548,0.5485201590637699,33.20835495696547,0.031770482505933985,0.17344702841932874,-9.857776217289834
87,0.05065664225062983,0.0025379439953910586,-0.7883169719457551,-0.7684164378233402,0.09475607115192584,0.10645656117551304,0.6238785664257301,-0.0772382056870218,0.005470408308143555,-1.069604435461372,4.349795153712425,0.5588171930538129,33.22432758538064,-0.022929329193882193,0.17642034251992617,-9.823999953036585
88,0.05056700820142712,0.002554166124639277,-0.7893687685364459,-0.7789875132121631,0.09467010378347686,0.1055514744406717,0.6107985854212138,-0.0781855723545354,0.005876328929889071,-1.078033481771853,4.3280382952777305,0.5688455619481657,33.237808945294624,-0.06107802720686729,0.17736196955160755,-9.77250581523693
89,0.050472503482822034,0.002568722324410521,-0.7904348566499516,-0.7893422558196377,0.09455603569367266,0.10470942379583878,0.597523134162859,-0.07951316001577749,0.006263298586220716,-1.0867833938331708,4.311559865133879,0.5765016257534957,33.24914479779215,-0.11435507718006291,0.17942085657602705,-9.734769487247227
90,0.05038604609673219,0.0025811311393312995,-0.7915129213723499,-0.7994663523307639,0.0944533927831038,0.10387672623966338,0.584073397638031,-0.08009818212762736,0.006576695601218823,-1.0956642900182234,4.297015688005764,0.5834477611246968,33.2601133826888,-0.1332641203545147,0.17972657076329993,-9.702690069836096
91,0.05029661654797048,0.0025939058283087728,-0.7926045891841718,-0.8093455236074129,0.09437339940531705,0.10295713720180964,0.5704851556355651,-0.0809227794987388,0.006897869071481906,-1.1048754720048652,4.279565947657212,0.5930478091006937,33.272705623505566,-0.16217871134285686,0.17960023719395796,-9.685289273293211
92,0.05020616008434229,0.0026040980631852955,-0.7937075500879703,-0.8189822562973159,0.094257539499376,0.10208591758891791,0.5567423511353432,-0.08182708344041413,0.007106103691969555,-1.1141566089400559,4.2664122343677775,0.6009535003359151,33.2824908447203,-0.19387461477065557,0.17681679654905938,-9.670334957525712
93,0.05012036207331015,0.0026132155645280162,-0.7948212493376962,-0.8283735738421661,0.09414763180047904,0.10120436407970376,0.5428546050993227,-0.08230001415859953,0.007295881315041724,-1.1234693744062771,4.254226877130157,0.6090706807285332,33.29198313974029,-0.2055371036841932,0.17402577109236708,-9.656402915306813
94,0.050036018086784234,0.00262196714003696,-0.7959456150977079,-0.8375071172193864,0.09399146910585286,0.10033233459063082,0.5288486125327266,-0.08266216198933023,0.007470859695131308,-1.1328500350732817,4.244312760773032,0.616750936301423,33.29876587402347,-0.21231761652976183,0.17141458424920963,-9.645443904659192
95,0.0499526526020568,0.002631583676296799,-0.7970787253053065,-0.8464033200983093,0.09379914096288464,0.09940603076045934,0.5147053350506816,-0.08291895959650972,0.007660583400525172,-1.1421818074124062,4.233792191427432,0.6253009749976275,33.30558226452249,-0.2141247326100635,0.16919693460353225,-9.63279111953659
96,0.04986624383363657,0.0026392304246829197,-0.798222624567647,-0.8551021710455912,0.09355267901644748,0.09856832264445292,0.5003323486374042,-0.08338478442687436,0.007813310571672907,-1.151547057023295,4.229538206020883,0.6282898436923314,33.31040066027456,-0.2248408022282704,0.16767804610003273,-9.621293956464596
97,0.04978283115876426,0.002647292645321551,-0.7993772146126363,-0.8635316172250863,0.09333919347790007,0.09765922503850431,0.48586378418071147,-0.08358149014796444,0.00801449418819533,-1.16096608724284,4.222902158719059,0.634320855639119,33.31666173478702,-0.2233602588690378,0.16754087151353467,-9.612145821746088
98,0.04969824389593139,0.0026541702678655027,-0.8005411562804309,-0.8717304698963766,0.09308464989726549,0.096764265504299,0.4712302120292794,-0.08385423390698224,0.008157001020709799,-1.1703453385949387,4.218694579462764,0.6382559835451673,33.321862079365786,-0.22526517296366808,0.16602269191314803,-9.60148242169196
99,0.049614881526354605,0.0026591532913332098,-0.8017161812861208,-0.8796627637933158,0.09278865923894805,0.0959204405222923,0.4564898200421921,-0.08404236540805476,0.008223812792850612,-1.1798171315192314,4.218064599254882,0.6400022730111399,33.3236545077102,-0.22384420561588692,0.16285756762018028,-9.59516639161958
100,0.049527494743846254,0.002667290382368084,-0.8029011031463587,-0.887389291067128,0.09238462367985635,0.0949681974842958,0.4415726088351666,-0.084512910371793,0.00831029520308978,-1.1894719809613534,4.2149611364652495,0.6419330827417067,33.326543065508794,-0.23437345135006263,0.15929814576473939,-9.597650127936623
101,0.04944019721184976,0.00266843980103655,-0.8041008920035089,-0.8948398499457682,0.09222336195032885,0.09399528408130493,0.4265224273471309,-0.0849280002400238,0.008278231232269253,-1.1992143638883297,4.210606838074606,0.6471430196294963,33.33605111079644,-0.24197280316376835,0.1529279735370653,-9.600969691055631
102,0.049356906198888016,0.002672773281817151,-0.8053044463461397,-0.9020060528866386,0.09187129124590022,0.0930526054366205,0.41144374952371576,-0.08506046937855438,0.008301767129597978,-1.2086299678882004,4.209648363785515,0.6502910302475026,33.33776046890255,-0.23761057345989064,0.14874325708419786,-9.592170112989708
103,0.04927099936001436,0.002673703414289247,-0.8065230033895323,-0.9089393496136761,0.09162036154900693,0.09203370409375619,0.3961877905542771,-0.0853394451861998,0.008214161648870285,-1.2183648476801021,4.206481182876472,0.6552436151165876,33.34508598501619,-0.2392721113515857,0.1409220283733379,-9.595780676763981
104,0.04918709050184169,0.002679044945676685,-0.8077441536466068,-0.9156012628180104,0.09116198872483292,0.09103071854270953,0.3808900466268399,-0.08550055361212201,0.008228754049411879,-1.2277135666101875,4.205997731646943,0.6577969305296745,33.34519774177982,-0.2364115548374329,0.13667577435287256,-9.584951860430579
105,0.04910076825378663,0.0026830680075461398,-0.8089795858563006,-0.9220591899774917,0.09072716199654292,0.08998926945273587,0.3653455400541629,-0.08573638210596193,0.008218200607457855,-1.2373945210407156,4.2053847062639464,0.6582301656256297,33.34947113718023,-0.23577149257635352,0.13195083919687767,-9.587695676507467
106,0.049016453541322884,0.00268732831586605,-0.8102200334259263,-0.9281961746322102,0.09021073879107758,0.08894390605231106,0.3498612090258896,-0.08592200634149222,0.00815109990592944,-1.2467642931088854,4.205449719269025,0.6606370385245934,33.34854232001331,-0.234462092927124,0.12527840200167054,-9.578288556303072
107,0.04893246071089186,0.002688828858915028,-0.8114733795524683,-0.9340807052571527,0.08976275798458357,0.08796673710855785,0.3342121130476502,-0.08603336340098033,0.008130899456047046,-1.2562356825819427,4.209118778683357,0.6594079923311058,33.34858023246064,-0.22985091458048298,0.12202801209745506,-9.572506416573935
108,0.048848477894702966,0.002691522992887576,-0.8127354391926465,-0.9397119956010987,0.08927024120456406,0.08689863591831504,0.31846635055248057,-0.08610608549897603,0.008097872418525458,-1.2656980043681352,4.210408344977341,0.6602208308708531,33.35002582851952,-0.22337770732327988,0.11770094570346022,-9.566723664816093
109,0.04876522542334868,0.0026902601803700326,-0.8140140828623539,-0.9450347565125258,0.08886129855827879,0.08592703813493417,0.302703687984149,-0.08620767579939255,0.008063275283553951,-1.275556573714094,4.215936008280326,0.65914395286313,33.34928380648596,-0.21992471220540535,0.11525295382850727,-9.577031807280555
110,0.048681635617485446,0.002691802965793618,-0.8153009336889737,-0.950108178615708,0.08836585510286726,0.08479825834259778,0.2868713648336884,-0.08629480637628688,0.008001633505999726,-1.2854401973905054,4.216740559642505,0.6624730544564067,33.35045016091831,-0.21539915397475812,0.11040874137543326,-9.588481884490458
111,0.04859671047219756,0.0026954557182251497,-0.8165930742413804,-0.9549581083075628,0.08776579628654949,0.08365506661728543,0.27083944729135473,-0.08639464286110098,0.007996261570757637,-1.2950287487788914,4.2185021115395624,0.6617999603304981,33.35144284208389,-0.21059163481810136,0.10734121967566514,-9.587559380917847
112,0.04851098691998494,0.0026950846396721416,-0.8179001936031688,-0.9595136593932855,0.08723834640270971,0.08247459904529557,0.2547958964876488,-0.08660153745287791,0.007831424363412635,-1.3049533683363337,4.2196114965388665,0.6641075098833695,33.35398092591363,-0.21132212330417371,0.09928865610851628,-9.599952856201936
113,0.048425046225272515,0.002695490652271402,-0.8192184033198169,-0.9638157308967298,0.08665624313246455,0.08128333291443308,0.23862722433220282,-0.08677314329870746,0.007701302174253418,-1.3150112024254716,4.221490880473548,0.6642026880239789,33.3562019819282,-0.21008614776946372,0.092640476349856,-9.617532142129525
114,0.04833876199395233,0.0026978752845575747,-0.8205485198510709,-0.9678780609818071,0.08596126936946005,0.08003585627335101,0.2222993048776355,-0.08687045836427705,0.0075564318914621825,-1.3253642232708136,4.222461795084477,0.6624020063634182,33.358526879074084,-0.2045862049855109,0.08474579767487356,-9.647399062675364
115,0.04825491840753068,0.002701390109953063,-0.8218848738024654,-0.9716520825966684,0.08526278100845465,0.07869473660822775,0.20598453094934852,-0.08677506856107563,0.0074545531821660314,-1.3354174916567412,4.220945796233631,0.6655643530175285,33.36214962841392,-0.19108945925813256,0.07845786959317708,-9.663418524519615
116,0.04817314367059005,0.0027044479560160073,-0.8232262344413013,-0.9751468346041992,0.08449449917348274,0.07734780742953493,0.18964874704747348,-0.08653752525994528,0.007271171464093576,-1.3451224755728897,4.220054648095185,0.6680517602359106,33.363468969022556,-0.17242400743123318,0.06944239999647145,-9.664721123076117
117,0.04809293372980521,0.0027093110873579033,-0.8245746801753634,-0.9783669078508025,0.08365819407022648,0.07602399984450073,0.17326237801384048,-0.08619307417070372,0.007195973013028136,-1.3546486117644454,4.220681589117936,0.6679938965849643,33.362362539546716,-0.1502951149937251,0.06457150670001283,-9.658920004615732
118,0.048011339115472854,0.0027147905814025584,-0.8259321826292223,-0.9813241861227898,0.08278684807037905,0.07463981854047676,0.15677396788134437,-0.08591574099717482,0.00711442769273824,-1.3641571911016814,4.220118534694056,0.6685261275946089,33.362974618503564,-0.13135125084179428,0.059244192473883205,-9.652733045603188
119,0.0479302157808979,0.00271892491210511,-0.8272996813635116,-0.9839963819122193,0.08190754558232104,0.0732661066080969,0.14026529144030248,-0.08564290283277863,0.006990351920742353,-1.3736684658959535,4.220563075896699,0.6682512943356423,33.362656089535314,-0.1140127331401641,0.052939932257693036,-9.646827961551619
120,0.047850062190530625,0.0027237995485134463,-0.8286770610106347,-0.9863834108458774,0.08100042462270221,0.07194366817310609,0.12373684426553243,-0.08534981813179815,0.0069749573798238585,-1.3831816356811217,4.223174049539057,0.6649650973208343,33.35988838732224,-0.09741805859399168,0.05102645033277111,-9.641336052473827
121,0.04776988257230396,0.0027287956212725594,-0.8300638948797779,-0.9884941308558215,0.0800676313090705,0.07054207066088451,0.10720235047340829,-0.08506734979463895,0.006909870958164529,-1.3927236529993827,4.223858080567613,0.6648972887842629,33.35827177780575,-0.0818944796760567,0.047201846171618475,-9.637336510443955
122,0.04768942795695688,0.002733583362038251,-0.8314604631141606,-0.9903267564889957,0.07912031578377227,0.06914529400721367,0.09061908920816487,-0.08481632675188079,0.006864079123463198,-1.4022532691150975,4.225308978655229,0.6634162668060168,33.35650070532214,-0.06850762225964169,0.04428507317906569,-9.632969627967805
123,0.047608819018948347,0.002738684083475192,-0.8328665407680196,-0.9918827256745171,0.07813432908078205,0.06775630915997931,0.07397815688839461,-0.08457514480559111,0.006834672266129534,-1.4117848459280697,4.227479186236478,0.6598915612921648,33.354159322961394,-0.0561165113110379,0.04185742396024274,-9.62907939591103
124,0.04752877958247693,0.002743415730438639,-0.8342830496601252,-0.9931529973048291,0.07714210857270952,0.06635835189294331,0.0573828211527005,-0.08436106496019148,0.006809107083122069,-1.4213714191177536,4.229801667116796,0.6572270094077041,33.350867096944505,-0.04620114398894944,0.03996796016490905,-9.627460643774645
125,0.047448638910133185,0.002747411347154298,-0.8357092026760441,-0.9941446302305237,0.07612619605339467,0.064933986044271,0.04080237633591776,-0.08418883084799852,0.006721109210793139,-1.430974364655386,4.2317696379968694,0.6554023901036196,33.347265130308855,-0.03874042959659263,0.035984509812667057,-9.626627020596123
126,0.04736709363401935,0.002751782834146622,-0.83714349266219,-0.9948613397064529,0.07507474242560558,0.06350548161647428,0.024119527604623072,-0.08406717763359348,0.006645359824204952,-1.4404653560854441,4.234100368406527,0.6512411554187008,33.34456887360195,-0.03298381924079659,0.03212186802644241,-9.62166115617525
127,0.047284176548562075,0.0027558246310937294,-0.838587742747508,-0.995300250457442,0.07400946428154025,0.06200575039840029,0.007436232489911546,-0.08403728219153149,0.00651884562489555,-1.4499999096331024,4.234938832114034,0.6498926919054943,33.34344430044747,-0.030836870670642134,0.026616643387214287,-9.618406016446558
128,0.04720187914963502,0.0027603689147052833,-0.8400430384575788,-0.9954574600059594,0.07293325847508893,0.06050386510288067,-0.009190616644264306,-0.08401995780725023,0.006459087723638718,-1.4596372239547213,4.236105570680484,0.6488367319442697,33.341159303492,-0.030065405710895582,0.023951314428021744,-9.619207104660855
129,0.047119678739029766,0.002766094107887524,-0.8415066873566421,-0.9953308972593116,0.07179638101720213,0.059100447832109146,-0.02586158734205061,-0.08402251721081676,0.006489022507856772,-1.4691948477894032,4.239950571350145,0.6409975160677651,33.335751564564724,-0.03087168879160377,0.02388868031670486,-9.617874599117247
130,0.047035127776225226,0.0027704108534999067,-0.8429820706997837,-0.9949282172499687,0.07066481528051523,0.05757976180393366,-0.04253113485168075,-0.08414677066814288,0.006389187079208507,-1.4789087421022458,4.2412742061811235,0.6383708181559573,33.333825890551324,-0.03553958260524336,0.01949076747263993,-9.62186473927455
131,0.04695071130139167,0.0027742477636524864,-0.8444670036270449,-0.9942500145297206,0.0695245670237747,0.056012779328173196,-0.059125389975375885,-0.08429309798401287,0.006261552086433284,-1.488617879051009,4.241798362372485,0.6383151568268568,33.33186240929615,-0.041211773912397553,0.014672741481915686,-9.625269094457668
132,0.0468661578939671,0.002777779320200304,-0.8459596518034228,-0.9932913889624942,0.06834889074651372,0.05448448641081675,-0.07571054409545379,-0.08447153244968184,0.006121058785461809,-1.4981928201382133,4.243475478937195,0.6353032912516697,33.32830715489781,-0.048470471326792254,0.009272477781395196,-9.623947888887987
133,0.04678176369282316,0.002781904037461805,-0.8474615027766367,-0.9920540053856439,0.06714958936016627,0.05294975340506226,-0.09228275386769118,-0.08462689486396775,0.006020356584354264,-1.507744230510264,4.2452460017784555,0.6317519731949466,33.32466751019383,-0.05446517851168959,0.005317542302949682,-9.621899630571223
134,0.04669821650589357,0.002770276699539526,-0.8490369800346085,-0.9904988320090983,0.06645511116254262,0.05152076822485013,-0.10881816222720943,-0.08487153435040959,0.005756788186447728,-1.5211423609103134,4.252527229484191,0.6260070561094314,33.32940294701748,-0.06733729914735354,0.00013830045529771625,-9.758108025388202
135,0.04661223465806156,0.002761234587253241,-0.8506075839251446,-0.9886778364977148,0.06565083082080263,0.04996480734743249,-0.12533803116959513,-0.0852105045757999,0.00547800411697871,-1.533499965569789,4.257008834969743,0.6246611990974704,33.33504175073269,-0.08184394926001713,-0.005907128088308682,-9.85090281690398
136,0.04652881962838283,0.0027540353179993037,-0.852179334319966,-0.9865861384993321,0.06474331137662859,0.04852365162329841,-0.14177993576704154,-0.08546563666540918,0.0052694155240891735,-1.5452477231147734,4.2637209871691235,0.6166351039832345,33.334798759134955,-0.09407793766015206,-0.010405414472367463,-9.919606140276068
137,0.04644413442648269,0.00274745131300286,-0.8537554332218209,-0.984218204306506,0.06379425230952973,0.04701816651335488,-0.15822171690911255,-0.08574167786513802,0.005043338419686706,-1.556572363213604,4.269303476471638,0.610352988249905,33.33608169322158,-0.10557224895922729,-0.015591297659608646,-9.970210888271998
138,0.046360885956645156,0.002739807836403835,-0.8553383764074247,-0.9815870538403355,0.06284195131177218,0.04546228682968653,-0.17455923167966367,-0.08593225176060702,0.004767507674179748,-1.5676236752160135,4.274184075275619,0.6067026164426375,33.337430901521714,-0.11326729619364283,-0.02177381261075416,-10.008505262925281
139,0.046276103200576145,0.0027329195652677713,-0.8569271426929026,-0.9786650408120394,0.061848751866649856,0.04388916233770943,-0.1909534268197381,-0.0861317823259196,0.00450219186207543,-1.5783564370429846,4.279020356337927,0.6015601995478231,33.34042408809722,-0.11974726420868231,-0.02809450062664837,-10.033867510693408
