0.000000000000000000e+00,0.000000000000000000e+00,0.000000000000000000e+00,1.000000000000000000e+00,0.000000000000000000e+00,0.000000000000000000e+00,0.000000000000000000e+00,2.000000000000000000e+01,3.000000000000000000e+01,2.500000000000000000e+01,1.000000000000000000e+00,3.000000000000000000e+00,2.000000000000000000e+00
3.884781970611673740e-01,5.786846645631595898e-01,4.836732138379097878e-01,9.993006352058716457e-01,1.002856940530033082e-02,3.010424629101002975e-02,1.978389042223240371e-02,1.887015148789681618e+01,2.790978025260911011e+01,2.339702921121635271e+01,1.006856578055885354e+00,3.021841025398898317e+00,1.957841795118758554e+00
7.556236253267930580e-01,1.117903706854566970e+00,9.369688011114645221e-01,9.972057266671290332e-01,2.009822261869614185e-02,6.038354195298466232e-02,3.912323326617855868e-02,1.786319640529902841e+01,2.604691334980320150e+01,2.195754224641492414e+01,1.014366628594293607e+00,3.042346886916798887e+00,1.916564049561051863e+00
1.103697920387900933e+00,1.621841152717616863e+00,1.362895174024603806e+00,9.937214826715533578e-01,3.018568438148638844e-02,9.078780789819920760e-02,5.800010614870543951e-02,1.696021661804068970e+01,2.437640074337527807e+01,2.065635130795770991e+01,1.022543795819868206e+00,3.061558157333773345e+00,1.876183486085876595e+00
1.434622953257235434e+00,2.094052463525885699e+00,1.764008369488609951e+00,9.888559846429252342e-01,4.026875365898040932e-02,1.212671435257758473e-01,7.639730182996068431e-02,1.614598593623742318e+01,2.287007398203923358e+01,1.947318322911950261e+01,1.031401416913890090e+00,3.079513762217267914e+00,1.836714196637136087e+00
1.750045623245820359e+00,2.537584403004768063e+00,2.142498300402458700e+00,9.826191465673820291e-01,5.032629745499692109e-02,1.517719038199697723e-01,9.429827243038733930e-02,1.540811128456607015e+01,2.150500587644723183e+01,1.839153626355844651e+01,1.040952549865979515e+00,3.096250887632810755e+00,1.798167826009262615e+00
2.051387904282504504e+00,2.955067622922634030e+00,2.500255377429571269e+00,9.750226759774091034e-01,6.033823945739488770e-02,1.822527732104921028e-01,1.116870759194712875e-01,1.473640294938192952e+01,2.026234545635657369e+01,1.739784180829589744e+01,1.051209998909083509e+00,3.111804900467574964e+00,1.760553749396640111e+00
2.339885997286526020e+00,3.348789094980073600e+00,2.838922629643435780e+00,9.660800364844754906e-01,7.028554390984009803e-02,2.126608363692395198e-01,1.285483251331757115e-01,1.412240565108077206e+01,1.912645045449943382e+01,1.648084020785940140e+01,1.062186337327573504e+00,3.126209280124701007e+00,1.723879243224641700e+00
2.616621315786354707e+00,3.720749434204756678e+00,3.159936954326942882e+00,9.558064118312904478e-01,8.015019508829493433e-02,2.429476461124392417e-01,1.448671395438334564e-01,1.355904448128796247e+01,1.808423229038273661e+01,1.563110945990991674e+01,1.073893927426735617e+00,3.139495560399379048e+00,1.688149648796501090e+00
2.882545267270946621e+00,4.072708744451252194e+00,3.464562108278254726e+00,9.442186714178875118e-01,8.991517274359743517e-02,2.730652885705906474e-01,1.606290999763702598e-01,1.304035416650395796e+01,1.712465520803232977e+01,1.484070484042870675e+01,1.086344937466962035e+00,3.151693280408158770e+00,1.653368528411085947e+00
3.138499263696122199e+00,4.406223637837826779e+00,3.753915348719007117e+00,9.313353372418933240e-01,9.956442385432265341e-02,3.029664457810403166e-01,1.758202064380123830e-01,1.256126964282955427e+01,1.623834883923468553e+01,1.410288014296888193e+01,1.099551355377721862e+00,3.162829943508970398e+00,1.619537813712717433e+00
3.385231022481308027e+00,4.722677391590421436e+00,4.028989136600674037e+00,9.171765521820770539e-01,1.090828310171954307e-01,3.326044558498755244e-01,1.904268392049510150e-01,1.211746233215541046e+01,1.541730531448751762e+01,1.341186975343390664e+01,1.113524999075092614e+00,3.172930983219374390e+00,1.586657946126385221e+00
3.623407953692038497e+00,5.023304714330273590e+00,4.290668961501669543e+00,9.017640495452681204e-01,1.184561777858966769e-01,3.619333708213222645e-01,2.044357232886318543e-01,1.170521089270140358e+01,1.465464015149760435e+01,1.276271661556125636e+01,1.128277523212482425e+00,3.182019735213299949e+00,1.554728009311008519e+00
3.853628236831976750e+00,5.309212238139159545e+00,4.539748091367840743e+00,8.851211237896586814e-01,1.276711112533816250e-01,3.909080123842163523e-01,2.178338963862337663e-01,1.132129826200926637e+01,1.394440178471714908e+01,1.215113519589515789e+01,1.143820422197409092e+00,3.190117414550935226e+00,1.523745853630808167e+00
4.076430049726956106e+00,5.581395591994870564e+00,4.776939862736958808e+00,8.672726023320638244e-01,1.367151021579738335e-01,4.194840255365630544e-01,2.306086804043047112e-01,1.096292895695862235e+01,1.328141857037345730e+01,1.157340141427511071e+01,1.160165029308070528e+00,3.197243097371614606e+00,1.493708212701423621e+00
4.292299307452839052e+00,5.840753718787754067e+00,5.002887987943249293e+00,8.482448183426087862e-01,1.455764027796443982e-01,4.476179303208686067e-01,2.427476566312398443e-01,1.062766212845959757e+01,1.266117493765026225e+01,1.102626354661058450e+01,1.177322511742201705e+00,3.203413706354891755e+00,1.464610812114140348e+00
4.501676190887122786e+00,6.088100953141178273e+00,5.218175251474473697e+00,8.280655844272692967e-01,1.542440028801354002e-01,4.752671717349357117e-01,2.542386446231155728e-01,1.031335697693997488e+01,1.207971040733895940e+01,1.050686958222986966e+01,1.195303861427638115e+00,3.208643999329950702e+00,1.436448470479506634e+00
4.704960685109567997e+00,6.324177267452702367e+00,5.423330888645036651e+00,8.067641670964553757e-01,1.627075839290164083e-01,5.023901679152628086e-01,2.650696848581318155e-01,1.001812794536406237e+01,1.153353669892351974e+01,1.001270759713455938e+01,1.214119881419376545e+00,3.212946560487777603e+00,1.409215192961662311e+00
4.902517302500801755e+00,6.549657009626485227e+00,5.618836879346591928e+00,7.843712619161523625e-01,1.709574718474294319e-01,5.289463566831391628e-01,2.752290252073608667e-01,9.740307705640029567e+00,1.101956925543405852e+01,9.541556501998911699e+00,1.233781167702031167e+00,3.216331793723883781e+00,1.382904257497804767e+00
5.094679130392075095e+00,6.765156391225341181e+00,5.805133343053538120e+00,7.609189692367951396e-01,1.789845884922191821e-01,5.548962405370360118e-01,2.847051112634551018e-01,9.478416401479099918e+00,1.053507034273633991e+01,9.091445119043520151e+00,1.254298086209736152e+00,3.218807917711702160e+00,1.357508293914241326e+00
5.281751315906761945e+00,6.971239934427511997e+00,5.982623185037075686e+00,7.364407703938405936e-01,1.867804020953852395e-01,5.802014301689820686e-01,2.934865805642294934e-01,9.231135947690054522e+00,1.007760150322660486e+01,8.660617990395740762e+00,1.275680744868050276e+00,3.220380962378098122e+00,1.333019356162232327e+00
5.464014079309958305e+00,7.168426046723425316e+00,6.151676115355985353e+00,7.109715042727240419e-01,1.943368768673415792e-01,6.048246865772880509e-01,3.015622607444095049e-01,8.997288441940135328e+00,9.644983617589256042e+00,8.247506661379441439e+00,1.297938960454634749e+00,3.221054766522808865e+00,1.309428987904077246e+00
5.641725330350999101e+00,7.357191861149350309e+00,6.312632139787003105e+00,6.845473441293601358e-01,2.016464219673286540e-01,6.287299618432469206e-01,3.089211716461295332e-01,8.775817941197582073e+00,9.235263191215533851e+00,7.850705443319488275e+00,1.321082220067732127e+00,3.220830976393151968e+00,1.286728281683326536e+00
5.815122948707281303e+00,7.537977455108471503e+00,6.465804604051559323e+00,6.572057745554106267e-01,2.087018400404851703e-01,6.518824386352533029e-01,3.155525314167834106e-01,8.565775006549033677e+00,8.846683762115720384e+00,7.468950862078733266e+00,1.345119636984176248e+00,3.219709045094263811e+00,1.264907931913268557e+00
5.984426778938539471e+00,7.711189541036299389e+00,6.611482858453078038e+00,6.289855684750358389e-01,2.154962755185378942e-01,6.742485685001283757e-01,3.214457666213771381e-01,8.366303537897154641e+00,8.477661545109743457e+00,7.101104155362853554e+00,1.370059900682209175e+00,3.217686232783593336e+00,1.243958281915531927e+00
6.149840381750574458e+00,7.877204706238563503e+00,6.749934598577233658e+00,5.999267640566383619e-01,2.220231628797861845e-01,6.957961089982531711e-01,3.265905263954147486e-01,8.176629512303286162e+00,8.126764597761084730e+00,6.746136304631221492e+00,1.395911220799217478e+00,3.214757607666683725e+00,1.223869365236305740e+00
6.311552576398440806e+00,8.036372266337117765e+00,6.881407928430196108e+00,5.700706414190676030e-01,2.282761750640185106e-01,7.164941597363427839e-01,3.309767006633688169e-01,7.996051312459950822e+00,7.792694928050914349e+00,6.403115184244406954e+00,1.422681264791109790e+00,3.210916047879616819e+00,1.204630941461817040e+00
6.469738803387578230e+00,8.189016786267021786e+00,7.006133184839476336e+00,5.394596990067679343e-01,2.342491722391687459e-01,7.363131973492645921e-01,3.345944424467413580e-01,7.823931389451042051e+00,7.474273070484432679e+00,6.071194487240866522e+00,1.450377089058961122e+00,3.206152244412167729e+00,1.186232526747774019e+00
6.624562331991717734e+00,8.335440314184680233e+00,7.124324555764951938e+00,5.081376295023227740e-01,2.399361511188632945e-01,7.552251094801378795e-01,3.374341942844040765e-01,7.659689049965176189e+00,7.170424742435581145e+00,5.749604148368422152e+00,1.479005063310318224e+00,3.200454705294911051e+00,1.168663419269916126e+00
6.776175333292209224e+00,8.475924366590588122e+00,7.236181520089221664e+00,4.761492951376851690e-01,2.453311950334838565e-01,7.732032278059450814e-01,3.394867187861041469e-01,7.502794195034211633e+00,6.880169260813297605e+00,5.437642034113448375e+00,1.508570787927807855e+00,3.193809761343448184e+00,1.151912719795001872e+00
6.924719836293019348e+00,8.610731697142087526e+00,7.341890132261407409e+00,4.435407022570203583e-01,2.504284249619238012e-01,7.902223601539498654e-01,3.407431333375101068e-01,7.352761867131602180e+00,6.602609454193469674e+00,5.134666709077864155e+00,1.539079004127097194e+00,3.186201573823755684e+00,1.135969347563880794e+00
7.070328582051955024e+00,8.740107876796118447e+00,7.441624171687641009e+00,4.103589749744636084e-01,2.552219517367914081e-01,8.062588217522235201e-01,3.411949489717203132e-01,7.209147486588273424e+00,6.336922850188312140e+00,4.840091120153185322e+00,1.570533496700540876e+00,3.177612144474481148e+00,1.120822051671084063e+00
7.213125788590912357e+00,8.864282708893190588e+00,7.535546173860731223e+00,3.766523277591786734e-01,2.597058296423427337e-01,8.212904656554214089e-01,3.408341134175181253e-01,7.071542677929893550e+00,6.082353954170309329e+00,4.553377066080114943e+00,1.602936989162796033e+00,3.168021328394857505e+00,1.106459418118957316e+00
7.353227837526112864e+00,8.983471499423313134e+00,7.623808357794163548e+00,3.424700367678772395e-01,2.638740116318324391e-01,8.352967123844778907e-01,3.396530583285821692e-01,6.939571602813162876e+00,5.838207465204358293e+00,4.274030341365291363e+00,1.636291031141143826e+00,3.157406850380754637e+00,1.092869872719059998e+00
7.490743891829193757e+00,9.097876199884012749e+00,7.706553462286430900e+00,3.078624097314298091e-01,2.677203063991590026e-01,8.482585788159711093e-01,3.376447506900742690e-01,6.812887729447535179e+00,5.603842299477946653e+00,4.001596461095650703e+00,1.670595877887105063e+00,3.145744325366027550e+00,1.080041680009665495e+00
7.625776452840211661e+00,9.207686437754395214e+00,7.783915501822036731e+00,2.728807541874034848e-01,2.712383375485452053e-01,8.601587063533866484e-01,3.348027483892554446e-01,6.691170979288743936e+00,5.378666311684183299e+00,3.735656887685923522e+00,1.705850361828122663e+00,3.133007283701534806e+00,1.067962938356002534e+00
7.758421863562454668e+00,9.313080447590545319e+00,7.856020451460034693e+00,2.375773438343659061e-01,2.744215051154075824e-01,8.709813884082233670e-01,3.311212599247282395e-01,6.574125200821420378e+00,5.162131621519634450e+00,3.475825692601486328e+00,1.742051756129600504e+00,3.119167202079526913e+00,1.056621571399656512e+00
7.888770764342710073e+00,9.414225914034018317e+00,7.922986868824687612e+00,2.020053827666967727e-01,2.772629497013837097e-01,8.807125972136715664e-01,3.265952082142677404e-01,6.461475927759122051e+00,4.953730466354381967e+00,3.221746596082154745e+00,1.779195630299429620e+00,3.104193540985999533e+00,1.046005316025565568e+00
8.016908506251755995e+00,9.511280736565755234e+00,7.984926460259131886e+00,1.662189673305935478e-01,2.797555194965302139e-01,8.893400099872661446e-01,3.212202984436737241e-01,6.352968385260032491e+00,4.752991512731066237e+00,2.973090336223830565e+00,1.817275697940354817e+00,3.088053789637295043e+00,1.036101707019558171e+00
8.142915526805888149e+00,9.604393724590899240e+00,8.041944597301911912e+00,1.302730453231288332e-01,2.818917404717804498e-01,8.968530344513064856e-01,3.149930898783325772e-01,6.248365713008870337e+00,4.559476569066416296e+00,2.729552325751841479e+00,1.856283656841139384e+00,3.070713519428778682e+00,1.026898058596619201e+00
8.266867692092693787e+00,9.693705230371490345e+00,8.094140788873202652e+00,9.422337223685368912e-02,2.836637900346250518e-01,9.032428337107449856e-01,3.079110715349024918e-01,6.147447378430119791e+00,4.372777650095726720e+00,2.490850560682159376e+00,1.896209021696494412e+00,3.052136446991618346e+00,1.018381442990281549e+00
8.388836608867896061e+00,9.779347726405614338e+00,8.141609113892300797e+00,5.812646423283662073e-02,2.850634744503935392e-01,9.085023504775021630e-01,2.999727415824087196e-01,6.050007757020067878e+00,4.192514350487130059e+00,2.256723750008439833e+00,1.937038949859075432e+00,3.032284508017160096e+00,1.010538666306908917e+00
8.508889909762149983e+00,9.861446333059982194e+00,8.184438618473663496e+00,2.203954750553995673e-02,2.860822103401614580e-01,9.126263306175761425e-01,2.911776903097545444e-01,5.955854859933431555e+00,4.018331490876852818e+00,2.026929639731571697e+00,1.978758060655369633e+00,3.011117943065424907e+00,1.003356241865356324e+00
8.627091514366858505e+00,9.940119301578693722e+00,8.222713681351498494e+00,-1.397949631601096837e-02,2.867110105738553405e-01,9.156113459827104339e-01,2.815266864599267338e-01,5.864809191630866003e+00,3.849897004517105703e+00,1.801243508092705392e+00,2.021348248941694958e+00,2.988595396622901745e+00,9.968203612627039023e-01
8.743501868647513220e+00,1.001547845699790606e+01,8.256514350751114506e+00,-4.987218910421434975e-02,2.869404748831845819e-01,9.174558164715987951e-01,2.710217666897429822e-01,5.776702722665152834e+00,3.686900036930536917e+00,1.579456811885790346e+00,2.064788493737331532e+00,2.964674030712857178e+00,9.909168634305645096e-01
8.858178164854487946e+00,1.008762960498081007e+01,8.285916655549129928e+00,-8.557951989576541296e-02,2.867607855231785186e-01,9.181600312464963665e-01,2.596663278676336617e-01,5.691377964621074703e+00,3.529049234548991887e+00,1.361375966298031148e+00,2.109054662949257697e+00,2.939309654386270676e+00,9.856312019739165153e-01
8.971174543858527528e+00,1.015667290613828300e+01,8.310992893236207379e+00,-1.210420136851472483e-01,2.861617083128718542e-01,9.177261690095503965e-01,2.474652218705039597e-01,5.608687135880169095e+00,3.376071201378316733e+00,1.146821242927754003e+00,2.154119315397016621e+00,2.912456870430446099e+00,9.809484111154889163e-01
9.082542281626139413e+00,1.022270322100836459e+01,8.331811896908329018e+00,-1.561998057634365611e-01,2.851325993845545970e-01,9.161583172190814750e-01,2.344248524840924774e-01,5.528491408300908461e+00,3.227709105356684205e+00,9.356257725180922025e-01,2.199951501556443478e+00,2.884069240622233465e+00,9.768530706033399236e-01
9.192329961364414714e+00,1.028581042852417404e+01,8.348439283260043808e+00,-1.909927220242231272e-01,2.836624179664239409e-01,9.134624900993830732e-01,2.205532739494185934e-01,5.450660226123873464e+00,3.083721418329170127e+00,7.276346405707783127e-01,2.246516564666410254e+00,2.854099470820291362e+00,9.733292699772213563e-01
9.300583632701737713e+00,1.034607972049822067e+01,8.360937683330810444e+00,-2.253603656607578998e-01,2.817397455148568652e-01,9.096466452683884540e-01,2.058602906309952574e-01,5.375070689460786255e+00,2.943880775502459191e+00,5.227040654081415161e-01,2.293775944081920759e+00,2.822499617132371075e+00,9.703605726303204948e-01
9.407346959127297126e+00,1.040359187438550670e+01,8.369366957559345011e+00,-2.592422106749767141e-01,2.793528114992351874e-01,9.047206987758401597e-01,1.903575572107061853e-01,5.301606995631239272e+00,2.807972941917797005e+00,3.207006494674138342e-01,2.341686983007672751e+00,2.789221314305496247e+00,9.679299801465799380e-01
9.512661354785613810e+00,1.045842350635339102e+01,8.373784396527385709e+00,-2.925777026087252874e-01,2.764895261236550161e-01,8.986965383105500749e-01,1.740586787349871767e-01,5.230159932393065425e+00,2.675795874927175078e+00,1.215006956683858941e-01,2.390202743005731545e+00,2.754216027365369968e+00,9.660198974394483828e-01
9.616566111610115541e+00,1.051064730647872025e+01,8.374244908620537942e+00,-3.253063668892085536e-01,2.731375202452774875e-01,8.915880342991927554e-01,1.569793097627694978e-01,5.160626417789501375e+00,2.547158872910582517e+00,-7.501041838251495952e-02,2.439271827935542536e+00,2.717435327372574427e+00,9.646120992648733461e-01
9.719098517680317073e+00,1.056033225770859474e+01,8.370801195697374908e+00,-3.573679251532335122e-01,2.692841927178721284e-01,8.834110485811792479e-01,1.391372517782930862e-01,5.092909081923844283e+00,2.421881801559116809e+00,-2.689388147811763163e-01,2.488838220249536271e+00,2.678831191963527036e+00,9.636876987287010810e-01
9.820293967598550111e+00,1.060754384005732653e+01,8.363503917736622384e+00,-3.887024198770283601e-01,2.649167653506295239e-01,8.741834403049679736e-01,1.205525479473589789e-01,5.026915886483071638e+00,2.299794389993687460e+00,-4.603826440271496234e-01,2.538841132827516667e+00,2.638356331100359498e+00,9.632271184553001797e-01
9.920186065603211034e+00,1.065234422136594716e+01,8.352401847324282258e+00,-4.192503475891270481e-01,2.600223456259838084e-01,8.639250686512708333e-01,1.012475742090828829e-01,4.962559778276924405e+00,2.180735589812314412e+00,-6.494325731295864657e-01,2.589214879781261303e+00,2.595964538163009205e+00,9.632100651288801885e-01
1.001880672206477385e+01,1.069479243581984029e+01,8.337542014746359698e+00,-4.489528008818890470e-01,2.545879972654570556e-01,8.526577919487307033e-01,8.124712560921719395e-02,4.899758373447532733e+00,2.064552990877939198e+00,-8.361722376534685974e-01,2.639888769889728426e+00,2.551611066176649345e+00,9.636155081601325278e-01
1.011618624394741239e+01,1.073494455130272129e+01,8.318969844367224198e+00,-4.777516193616525575e-01,2.486008186689908639e-01,8.404054627086452456e-01,6.057849669738024634e-02,4.838433669344921917e+00,1.951102288288109943e+00,-1.020678661745758387e+00,2.690787026526337833e+00,2.505253028576752694e+00,9.644216632667919065e-01
1.021235341976200139e+01,1.077285382655971269e+01,8.296729282897342017e+00,-5.055895495874122014e-01,2.420480291805575390e-01,8.271939180682130743e-01,3.927155473110166550e-02,4.778511781362495547e+00,1.840246795520620982e+00,-1.203022649736789962e+00,2.741828738103380125e+00,2.456849823472385008e+00,9.656059817856208483e-01
1.030733559948488320e+01,1.080857085904704462e+01,8.270862920086287318e+00,-5.324104139425912541e-01,2.349170630509099800e-01,8.130509650977447711e-01,1.735880435677011543e-02,4.719922702289817806e+00,1.731856999236166317e+00,-1.383269152512454747e+00,2.792927843174362934e+00,2.406363579876891201e+00,9.671451465531154534e-01
1.040115876987026056e+01,1.084214372425999251e+01,8.241412102316703070e+00,-5.581592882635268982e-01,2.271956708771953881e-01,7.980063603976293996e-01,-5.124557626074017352e-03,4.662600081972837707e+00,1.625810151649753177e+00,-1.561477611491517870e+00,2.843993154391897260e+00,2.353759623836744197e+00,9.690150752007531398e-01
1.049384762554202055e+01,1.087361810725274935e+01,8.208417039521515690e+00,-5.827826879116223546e-01,2.188720281991249905e-01,7.820917833870180136e-01,-2.814059886231397994e-02,4.606481025278466923e+00,1.521989896765167938e+00,-1.737702282714759461e+00,2.894928425505129965e+00,2.299006961808632177e+00,9.711909317055983371e-01
1.058542563621259980e+01,1.090303742699332190e+01,8.171916905799621489e+00,-6.062287618240582709e-01,2.099348508230373667e-01,7.653408026697364752e-01,-5.164862088257506090e-02,4.551505906544969449e+00,1.420285927108197344e+00,-1.911992543254521060e+00,2.945632465485132023e+00,2.242078778018642193e+00,9.736471470162834096e-01
1.067591511034181018e+01,1.093044295413236000e+01,8.131949934063811725e+00,-6.284474939112876246e-01,2.003735163294054766e-01,7.477888348555150611e-01,-7.560514288868232236e-02,4.497618198865181327e+00,1.320593667900589629e+00,-2.084393181881364132e+00,2.995999303677752135e+00,2.182952941894731325e+00,9.763574495355733518e-01
1.076533725551700726e+01,1.095587392270647342e+01,8.088553505018539980e+00,-6.493909109895853460e-01,1.901781910973486811e-01,7.294730952179062644e-01,-9.996390138082184018e-02,4.444764316698941009e+00,1.222813985893044686e+00,-2.254944675676266996e+00,3.045918409590713249e+00,2.121612521006068786e+00,9.792949061818445600e-01
1.085371223580729882e+01,1.097936763624351464e+01,8.041764230733631891e+00,-6.690132962456103449e-01,1.793399620531172800e-01,7.104325395859437675e-01,-1.246758670965958382e-01,4.392893470446594506e+00,1.126852920326203211e+00,-2.423683454050028718e+00,3.095274970515908386e+00,2.058046294284355149e+00,9.824319746710361567e-01
1.094105922631836769e+01,1.100095956868899094e+01,7.991618033052910519e+00,-6.872714070298204803e-01,1.678509722202982113e-01,6.907077968963017955e-01,-1.496892806771928652e-01,4.341957531739104148e+00,1.032621433717345827e+00,-2.590642151424642936e+00,3.143950229661561568e+00,1.992249259659326199e+00,9.857405675565358294e-01
1.102739646515073879e+01,1.102068346052887549e+01,7.938150217053543400e+00,-7.041246955699018706e-01,1.557045590200065166e-01,6.703410918779464378e-01,-1.749497083905380002e-01,4.291910908313715467e+00,9.400351803803760342e-01,-2.755849849643097205e+00,3.191821886817307163e+00,1.924223129632211648e+00,9.891921284360682964e-01
1.111274130294278883e+01,1.103857141044416679e+01,7.881395539752316104e+00,-7.195355309880471228e-01,1.428953941423093954e-01,6.493761574033263262e-01,-2.004001191231513379e-01,4.242710427448746380e+00,8.490142907801825345e-01,-2.919332311003298042e+00,3.238764562796632163e+00,1.853976807757766965e+00,9.927577205816395800e-01
1.119711025016021821e+01,1.105465396279640977e+01,7.821388274238682214e+00,-7.334694208015263284e-01,1.294196236886517581e-01,6.278581361200488153e-01,-2.259809836996878596e-01,4.194315227027942683e+00,7.594831700016950737e-01,-3.081112202657843913e+00,3.284650327997598040e+00,1.781526838530112622e+00,9.964081280713481537e-01
1.128051902227603343e+01,1.106896019121066921e+01,7.758162269401021938e+00,-7.458952298897463251e-01,1.152750071724758796e-01,6.058334710753734420e-01,-2.516303974006213195e-01,4.146686653394867861e+00,6.713703087805061864e-01,-3.241209312983453827e+00,3.329349294400832715e+00,1.706897822793464359e+00,1.000113969301660743e+00
1.136298258296916153e+01,1.108151777849295527e+01,7.691751005401712860e+00,-7.567853947286159455e-01,1.004610538651381502e-01,5.833497851629186881e-01,-2.772842263239980731e-01,4.099788165241679216e+00,5.846081056971066392e-01,-3.399640760401444251e+00,3.372730269194805341e+00,1.630122790549644041e+00,1.003845822537780208e+00
1.144451518545546875e+01,1.109235309309262263e+01,7.622187645048080995e+00,-7.661161305306822822e-01,8.497915489033693037e-02,5.604557493563823156e-01,-3.028762779773531144e-01,4.053585242854889081e+00,4.991326992815441899e-01,-3.556421195023125037e+00,3.414661466998935246e+00,1.551243522933102303e+00,1.007574362921213940e+00
1.152513041205217625e+01,1.110149126229653049e+01,7.549505081199788137e+00,-7.738676287935823961e-01,6.883270940630940860e-02,5.372009398478643227e-01,-3.283384961926087975e-01,4.008045302113729669e+00,4.148838089103997762e-01,-3.711562993400797872e+00,3.455011276367121908e+00,1.470310815192464426e+00,1.011270510101868636e+00
1.160484121206524222e+01,1.110895624232070311e+01,7.473735980348405583e+00,-7.800242426563227527e-01,5.202724317465125259e-02,5.136356843769427361e-01,-3.536011801331570004e-01,3.963137612704811463e+00,3.318045835039014624e-01,-3.865076446585554493e+00,3.493649074925061715e+00,1.387384672773937400e+00,1.014905585402247734e+00
1.168365993807921299e+01,1.111477088544654812e+01,7.394912822501593652e+00,-7.845746573990592942e-01,3.457051780112255224e-02,4.898108982186702987e-01,-3.785932268127248923e-01,3.918833220080081059e+00,2.498414571481503421e-01,-4.016969941626596707e+00,3.530446086156485030e+00,1.302534433060923424e+00,1.018451477159885599e+00
1.176159838072016051e+01,1.111895700433230161e+01,7.313067937502172988e+00,-7.875120434032638617e-01,1.647262895017561138e-02,4.657779104911012880e-01,-4.032423961757147235e-01,3.875104870743824925e+00,1.689440108760764669e-01,-4.167250136592602239e+00,3.565276269542803966e+00,1.215838805995394400e+00,1.021880812638151115e+00
1.183866780195461565e+01,1.112153543361604235e+01,7.228233537911197715e+00,-7.888341889205963131e-01,-2.253908116449376831e-03,4.415882816421003443e-01,-4.274755974054074148e-01,3.831926940508691093e+00,8.906483994107913804e-02,-4.315922129152893305e+00,3.598017234517575602e+00,1.127385827693291098e+00,1.025167134652760437e+00
1.191487896698068027e+01,1.112252608891426142e+01,7.140441748583747028e+00,-7.885436100846394680e-01,-2.159408724421620074e-02,4.172936131766629697e-01,-4.512191947377928170e-01,3.789275365410536889e+00,1.015942600949402974e-02,-4.462989618723942620e+00,3.628551167563833335e+00,1.037272722264595215e+00,1.028285080839978383e+00
1.199024217476179111e+01,1.112194802330931687e+01,7.049724633066253965e+00,-7.866476357428155985e-01,-4.153035578335943778e-02,3.929453508848682608e-01,-4.743993306738790161e-01,3.747127575017416667e+00,-6.781398621777869062e-02,-4.608455062164130034e+00,3.656765760801524934e+00,9.456056683471275592e-01,1.031210563300885674e+00
1.206476728724870462e+01,1.111981948141010790e+01,6.956114216944716766e+00,-7.831584648877115695e-01,-6.204257597788274958e-02,3.685945830215459074e-01,-4.969422641119142225e-01,3.705462427909301137e+00,-1.448945083677927181e-01,-4.752319822985627162e+00,3.682555129625749935e+00,8.524994683416625696e-01,1.033920946202377733e+00
1.213846375733120730e+01,1.111615795106273907e+01,6.859642508273805284e+00,-7.780931947273852511e-01,-8.310800445953316073e-02,3.442918350661554050e-01,-5.187747205732525790e-01,3.664260149142263501e+00,-2.211187240868121018e-01,-4.894584314045851592e+00,3.705820706402951803e+00,7.580771199664833038e-01,1.036395218807272034e+00
1.221134065555765069e+01,1.111098021278166037e+01,6.760341515217664465e+00,-7.714738177508423389e-01,-1.047012907447089358e-01,3.200868628495555646e-01,-5.398242513819262456e-01,3.623502269544002452e+00,-2.965208013435953749e-01,-5.035248133680997107e+00,3.726472096945533607e+00,6.624692914960368384e-01,1.038614161349639797e+00
1.228340669565765353e+01,1.110430238696666727e+01,6.658243261033894633e+00,-7.633271865136133094e-01,-1.267944953894290239e-01,2.960284459677361424e-01,-5.600195983883766715e-01,3.583171566716846446e+00,-3.711326015738340978e-01,-5.174310195249805844e+00,3.744427886492506463e+00,5.658137038678435760e-01,1.040560501172477670e+00
1.235467025890110726e+01,1.109613997896705762e+01,6.553379796532746937e+00,-7.536849452831411167e-01,-1.493571281920267890e-01,2.721641835059988579e-01,-5.792910606115797556e-01,3.543252007649983160e+00,-4.449837858475315655e-01,-5.311768850065890391e+00,3.759616382243189392e+00,4.682544246854541403e-01,1.042219056606703775e+00
1.242513941732485883e+01,1.108650792205100011e+01,6.445783210143869013e+00,-7.425834281365414347e-01,-1.723562065507131535e-01,2.485402941659241860e-01,-5.975708590191962655e-01,3.503728692864743977e+00,-5.181019182002239987e-01,-5.447622003710701044e+00,3.771976280131057013e+00,3.699410809601038075e-01,1.043576866194814601e+00
1.249482195585714805e+01,1.107542061833573399e+01,6.335485635722920783e+00,-7.300635235845623905e-01,-1.957563337899820843e-01,2.252014229179648552e-01,-6.147934955791186651e-01,3.464587802035609787e+00,-5.905125662341226267e-01,-5.581867225735725135e+00,3.781457244482939295e+00,2.710279991647716602e-01,1.044623301048873465e+00
1.256372539336885019e+01,1.106289197773238442e+01,6.222519258230053474e+00,-7.161705062941845501e-01,-2.195197969730223464e-01,2.021904562919137338e-01,-6.308961027027586432e-01,3.425816541045377139e+00,-6.622393990660531138e-01,-5.714501852780913715e+00,3.788020390470610010e+00,1.716732827667346584e-01,1.045350158378020922e+00
1.263185700267993461e+01,1.104893545495789020e+01,6.106916317411480222e+00,-7.009538369861344487e-01,-2.436066834242418266e-01,1.795483483642261180e-01,-6.458187792633997004e-01,3.387403090445923581e+00,-7.333042826750419962e-01,-5.845523085155937437e+00,3.791638660801490257e+00,7.203783880609797297e-02,1.045751734520353526e+00
1.269922382954901785e+01,1.103356408466569505e+01,5.988709109614256398e+00,-6.844669320798728585e-01,-2.679750149041963403e-01,1.573139594049629275e-01,-6.595049095123771687e-01,3.349336555306450691e+00,-8.037273726830667098e-01,-5.974928076951006695e+00,3.792297089875762861e+00,-2.771563374920842093e-02,1.045824876160621697e+00
1.276583271067368308e+01,1.101679051474632409e+01,5.867929987862840591e+00,-6.667669051344409237e-01,-2.925808981159537248e-01,1.355239090090553378e-01,-6.719014614297930121e-01,3.311606916439252757e+00,-8.735272045873830882e-01,-6.102714019764112763e+00,3.789992950611929423e+00,-1.274236802570727911e-01,1.045569008799627442e+00
1.283169029072904088e+01,1.099862703784873652e+01,5.744611360324075378e+00,-6.479142825763105629e-01,-3.173786899840529974e-01,1.142124453591330663e-01,-6.829592613305701665e-01,3.274204982999193714e+00,-9.427207814514921846e-01,-6.228878220151188749e+00,3.784735781256860498e+00,-2.269231370738893361e-01,1.044986141952772840e+00
1.289680303847203113e+01,1.097908562117326703e+01,5.618785687284904462e+00,-6.279726966033335467e-01,-3.423211759408368859e-01,9.341133205407976814e-02,-6.926332418942606761e-01,3.237122346457433686e+00,-1.011323659053748214e+00,-6.353418170924446606e+00,3.776547291688943098e+00,-3.260521742121350597e-01,1.044080850982089137e+00
1.296117726193895692e+01,1.095817793458708067e+01,5.490485476764469297e+00,-6.070085584965578818e-01,-3.673597592851581273e-01,7.314975369373517833e-02,-7.008826611894756198e-01,3.200351335952756671e+00,-1.079350028487400692e+00,-6.476331616441721728e+00,3.765461150929910517e+00,-4.246513196430118375e-01,1.042860235895760157e+00
1.302481912276387277e+01,1.093591537711317407e+01,5.359743278879191664e+00,-5.850907158503241279e-01,-3.924446595492239176e-01,5.345424114171822005e-02,-7.076712907106870176e-01,3.163884975025362145e+00,-1.146812796203080520e+00,-6.597616612045809070e+00,3.751522659737619225e+00,-5.225644513341729525e-01,1.041333857869039203e+00
1.308773464964550293e+01,1.091230910184419045e+01,5.226591679076138419e+00,-5.622900974389702933e-01,-4.175251177232608968e-01,3.434861710194505452e-02,-7.129675709247537130e-01,3.127716939738378610e+00,-1.213723661483999683e+00,-6.717271577827344409e+00,3.734788314195839565e+00,-6.196397438625717013e-01,1.039513654638346773e+00
1.314992975099052330e+01,1.088737003933247927e+01,5.091063290346346193e+00,-5.386793495712332014e-01,-4.425496061459692765e-01,1.585396234732687482e-02,-7.167447333242619179e-01,3.091841518191858817e+00,-1.280093191345061499e+00,-6.835295346897634516e+00,3.715325268090285071e+00,-7.157305574861394515e-01,1.037413836284980961e+00
1.321141022676106580e+01,1.086110891950798241e+01,4.953190744525954869e+00,-5.143324678390454041e-01,-4.674660408711819315e-01,-2.011397361140632861e-03,-7.189808884917107124e-01,3.056253571432778759e+00,-1.345930892849359628e+00,-6.951687208368960036e+00,3.693210703512001647e+00,-8.106962588589380347e-01,1.035050763246392558e+00
1.327218177955440481e+01,1.083353629217566017e+01,4.813006682788943280e+00,-4.893244281463153822e-01,-4.922219943661741426e-01,-1.923188392268322319e-02,-7.196590801799100934e-01,3.020948495762774133e+00,-1.411245282838868631e+00,-7.066446945249179379e+00,3.668531120518423450e+00,-9.044029640881621201e-01,1.032442808663316391e+00
1.333225002494277689e+01,1.080466254614414900e+01,4.670543745431047000e+00,-4.637308208082465688e-01,-5.167649064818493621e-01,-3.579463965483222626e-02,-7.187673058975028173e-01,2.985922186443108917e+00,-1.476043955080249548e+00,-7.179574867465054133e+00,3.641381557777929157e+00,-9.967241965074814525e-01,1.029610207384156206e+00
1.339162050110124014e+01,1.077449792703730758e+01,4.525834561040090520e+00,-4.376274913477313788e-01,-5.410422917556160227e-01,-5.168948097031178524e-02,-7.162985049431184192e-01,2.951171002793857134e+00,-1.540333644831365589e+00,-7.291071840234565116e+00,3.611864756906145502e+00,-1.087541453325669760e+00,1.026574894100117818e+00
1.345029867775142485e+01,1.074305255384014757e+01,4.378911735143518058e+00,-4.110901913891911175e-01,-5.650019412593374479e-01,-6.690883402469050001e-02,-7.122505152475762102e-01,2.916691734681546855e+00,-1.604120290839139873e+00,-7.400939308012727480e+00,3.580090283663751372e+00,-1.176744677147024687e+00,1.023360333174141434e+00
1.350828996444883856e+01,1.071033643423036352e+01,4.229807838419376687e+00,-3.841942427702768614e-01,-5.885921173817755259e-01,-8.144765360120775899e-02,-7.066260007527160880e-01,2.882481570386695502e+00,-1.667409094784614743e+00,-7.509179314238113356e+00,3.546173619329726190e+00,-1.264232630196618024e+00,1.019991342754397623e+00
1.356559971824124666e+01,1.067635947874631874e+01,4.078555394552460633e+00,-3.570142176676109336e-01,-6.117617401315387227e-01,-9.530332668145465036e-02,-6.994323513716740326e-01,2.848538065839811395e+00,-1.730204578196350651e+00,-7.615794517108537498e+00,3.510235235405005483e+00,-1.349913170868067169e+00,1.016493915731740527e+00
1.362223325072532099e+01,1.064113151384185585e+01,3.925186867812748837e+00,-3.296236371744647453e-01,-6.344605637565733369e-01,-1.084755622981432160e-01,-6.906815578345327777e-01,2.814859115211616913e+00,-1.792510636858510864e+00,-7.720788201614303681e+00,3.472399664362736615e+00,-1.433703433898478874e+00,1.012895040014596626e+00
1.367819583452851262e+01,1.060466229387775883e+01,3.769734650428702594e+00,-3.020946903864799582e-01,-6.566393426936595334e-01,-1.209662693776680648e-01,-6.803900639230492375e-01,2.781442922840525966e+00,-1.854330592745029316e+00,-7.824164288056119076e+00,3.432794578473787439e+00,-1.515529917025257411e+00,1.009222520460361983e+00
1.373349270924267351e+01,1.056696151209895618e+01,3.612231049823485307e+00,-2.744979756566992557e-01,-6.782499860804109826e-01,-1.327794243553115372e-01,-6.685785987382714124e-01,2.748287976477798100e+00,-1.915667243516075757e+00,-7.925927337272435480e+00,3.391549887836655230e+00,-1.595328478360865221e+00,1.005504804626634607e+00
1.378812908683558547e+01,1.052803881064584424e+01,3.452708275777694347e+00,-2.469022652832925935e-01,-6.992457002775926966e-01,-1.439209303855759903e-01,-6.552719917267443295e-01,2.715393021828352182e+00,-1.976522909617550283e+00,-8.026082552797612735e+00,3.348796867670086108e+00,-1.673044249910810022e+00,1.001770814296448764e+00
1.384211015656605781e+01,1.048790378964721803e+01,3.291198427577804342e+00,-2.193742945016991241e-01,-7.195811190564276316e-01,-1.543984699759825829e-01,-6.404989732176382677e-01,2.682757038362955981e+00,-2.036899479028533300e+00,-8.124635780168127042e+00,3.304667323727112471e+00,-1.748631473641836465e+00,9.980497844973796884e-01
1.389544108942776113e+01,1.044656601544136798e+01,3.127733481205234867e+00,-1.919785752757134367e-01,-7.392124212999260369e-01,-1.642213528472766249e-01,-6.242919631987809970e-01,2.650379216375438496e+00,-2.096798449705440603e+00,-8.221593503589065932e+00,3.259292803403497807e+00,-1.822053267274257315e+00,9.943711114832657350e-01
1.394812704214642629e+01,1.040403502797089885e+01,2.962345276616756173e+00,-1.647772350264085917e-01,-7.580974362458573479e-01,-1.734003607694756532e-01,-6.066868509895024797e-01,2.618258935256712938e+00,-2.156220969775083152e+00,-8.316962840167576587e+00,3.212803858782859567e+00,-1.893281327524840352e+00,9.907642108873422337e-01
1.400017316075444640e+01,1.036032034739573682e+01,2.795065505162883213e+00,-1.378298801094966497e-01,-7.761957364593167208e-01,-1.819475910451870126e-01,-5.877227683584107520e-01,2.586395742955737820e+00,-2.215167875531887098e+00,-8.410751531913804868e+00,3.165329366523256471e+00,-1.962295578871525059e+00,9.872583869942550550e-01
1.405158458376629937e+01,1.031543147996766585e+01,2.625925697186950014e+00,-1.111934835552329526e-01,-7.934687188632112420e-01,-1.898763002130044730e-01,-5.674418584911444796e-01,2.554789336596107407e+00,-2.273639727297203539e+00,-8.502967935703225066e+00,3.116995908180059782e+00,-2.029083776060998989e+00,9.838827138223821267e-01
1.410236644497759784e+01,1.026937792320856779e+01,2.454957209843763533e+00,-8.492229632339519385e-02,-8.098796742744494015e-01,-1.972007494285890616e-01,-5.458890430434116814e-01,2.523439544215719810e+00,-2.331636843200920683e+00,-8.593621011387339692e+00,3.067927213306995249e+00,-2.093641068551791662e+00,9.806659284628898021e-01
1.415252387590987482e+01,1.022216917043328088e+01,2.282191215173052790e+00,-5.906778110106461477e-02,-8.253938459918861437e-01,-2.039360528532622729e-01,-5.231117893247869688e-01,2.492346307595943333e+00,-2.389159330947506987e+00,-8.682720308232440232e+00,3.018243666505688871e+00,-2.155969534899362827e+00,9.776363368927217801e-01
1.420206200792257079e+01,1.017381471465676945e+01,2.107658688459423946e+00,-3.367856748358773189e-02,-8.399784780594879985e-01,-2.100980302434663771e-01,-4.991598794551010965e-01,2.461509666145857533e+00,-2.446207117630165406e+00,-8.770275949858669762e+00,2.968061878522850527e+00,-2.216077694768118889e+00,9.748217322689504138e-01
1.425098597401295741e+01,1.012432405192398477e+01,1.931390396907150198e+00,-8.800427228843568650e-03,-8.536028538855733316e-01,-2.157030647929148726e-01,-4.740851831236990166e-01,2.430929741806491684e+00,-2.502779977657992205e+00,-8.856298617843963328e+00,2.917494320537007635e+00,-2.273980005821966799e+00,9.722493255242612431e-01
1.429930091032405137e+01,1.007370668409950909e+01,1.753416888654921291e+00,1.552373183946496177e-02,-8.662383259376137401e-01,-2.207679671359865370e-01,-4.479414353676910432e-01,2.400606724939506886e+00,-2.558877558861914370e+00,-8.940799534149748595e+00,2.866649019942070886e+00,-2.329696352223562084e+00,9.699456879194610082e-01
1.434701195737985024e+01,1.002197212115273928e+01,1.573768482152613446e+00,3.925385478431683839e-02,-8.778583372535241347e-01,-2.253098462788571676e-01,-4.207840205732719663e-01,2.370540861164448732e+00,-2.614499406845772089e+00,-9.023790442517475086e+00,2.815629315226972462e+00,-2.383251530885869496e+00,9.679367050695683039e-01
1.439412426106649789e+01,9.969129882973037482e+00,1.392475255919235710e+00,6.235271291771948832e-02,-8.884384355164121061e-01,-2.293459880865495459e-01,-3.926697636982432460e-01,2.340732439108542007e+00,-2.669644987649199663e+00,-9.105283588977307829e+00,2.764533666969057890e+00,-2.434674740989597019e+00,9.662475418452345366e-01
1.444064297337726899e+01,9.915189500747962015e+00,1.209567038698460717e+00,8.478586314780525712e-02,-8.979562804323413250e-01,-2.328937418216292521e-01,-3.636567295173463443e-01,2.311181779032972727e+00,-2.724313708789003030e+00,-9.185291701602565695e+00,2.713455521500339085e+00,-2.483999081626349970e+00,9.649026174602590711e-01
1.448657325293854292e+01,9.860160517936318314e+00,1.025073400025554138e+00,1.065215948813214020e-01,-9.063916451317629575e-01,-2.359704151053721721e-01,-3.338040305075100078e-01,2.281889222299716913e+00,-2.778504938745526065e+00,-9.263827969635833881e+00,2.662483223463770976e+00,-2.531261061767454912e+00,9.639255899875613931e-01
1.453192026533322867e+01,9.804052490866485670e+00,8.390236412170717362e-01,1.275308660261195992e-01,-9.137264122868725691e-01,-2.385931775561609125e-01,-3.031716438195738439e-01,2.252855121643206449e+00,-2.832218024960070579e+00,-9.340906022105155415e+00,2.611699973242918471e+00,-2.576500126107546418e+00,9.633393494984865413e-01
1.457668918323736840e+01,9.746874988989144839e+00,6.514467867924014222e-01,1.477872295938189029e-01,-9.199445656011598915e-01,-2.407789732535374760e-01,-2.718202376278079369e-01,2.224079832211451890e+00,-2.885452310408816778e+00,-9.416539906041295538e+00,2.561183825112679280e+00,-2.619758199702758361e+00,9.631660189917875536e-01
1.462088518638497625e+01,9.688637594812217202e+00,4.623715763340781049e-01,1.672667523432894432e-01,-9.250321772856395786e-01,-2.425444420803019308e-01,-2.398110070093754376e-01,2.195563703341687933e+00,-2.938207148817880032e+00,-9.490744064399839530e+00,2.511007721910121226e+00,-2.661079253725922911e+00,9.634269622668830690e-01
1.466451346137543155e+01,9.629349903544559552e+00,2.718264567917968444e-01,1.859479268341284186e-01,-9.289773920903449111e-01,-2.439058499095562160e-01,-2.072055193830759645e-01,2.167307071036119748e+00,-2.990481918583181020e+00,-9.563533313784811085e+00,2.461239562051434238e+00,-2.700508894103292423e+00,9.641427978987787695e-01
